DATE,GENERAL_DAM_OCCUPANCY_RATE,GENERAL_DAM_RESERVED_WATER,PRCP,TAVG
2007-04-19,51.97,451,0.0,11.8
2007-04-20,51.86,451,0.3,13.1
2007-04-21,51.61,448,0.0,14.3
2007-04-22,51.43,447,0.0,14.4
2007-04-23,51.24,445,0.0,12.8
2007-04-24,51.04,443,0.0,12.6
2007-04-25,50.83,442,0.0,13.1
2007-04-29,50.05,435,0.0,12.9
2007-04-30,49.83,433,0.0,14.0
2007-05-01,49.57,431,0.5,16.1
2007-05-02,49.42,429,0.0,12.8
2007-05-03,49.67,431,0.0,13.1
2007-05-04,49.61,431,0.0,17.3
2007-05-05,49.46,430,0.0,16.3
2007-05-06,49.27,428,0.0,20.4
2007-05-07,49.07,426,0.0,20.2
2007-05-08,48.83,424,0.0,19.5
2007-05-09,48.65,423,0.0,18.6
2014-02-18,30.59,266,0.0,13.0
2014-02-19,30.43,264,0.0,8.3
2014-02-20,30.34,264,0.0,12.4
2014-02-21,30.16,262,0.0,11.9
2014-02-22,29.99,260,0.0,9.1
2014-02-23,29.84,259,0.0,9.9
2014-02-24,29.87,259,1.8,7.9
2014-02-25,29.89,260,12.4,6.7
2014-02-26,29.76,259,1.0,5.1
2014-02-27,29.67,258,0.0,6.7
2014-02-28,29.51,256,0.0,7.9
2014-03-01,29.43,256,0.0,11.1
2014-03-02,29.35,255,0.5,13.2
2014-03-03,29.21,254,0.0,15.6
2014-03-04,29.1,253,0.8,12.7
2014-03-05,29.0,252,0.8,14.1
2014-03-06,28.89,251,2.5,13.8
2014-03-07,28.83,250,0.0,11.0
2014-03-08,28.63,249,1.0,8.8
2014-03-09,28.82,250,0.0,7.3
2014-03-10,29.16,253,3.6,7.9
2014-03-11,32.59,283,21.6,6.4
2014-03-12,34.85,303,3.0,8.7
2014-03-13,35.4,308,0.0,7.9
2014-03-14,35.64,310,0.0,7.5
2014-03-15,35.69,310,0.0,10.6
2014-03-16,35.76,311,0.5,10.2
2014-03-17,35.82,311,0.0,12.7
2014-03-18,35.76,311,0.0,12.4
2014-03-19,35.66,310,0.0,16.1
2014-03-20,35.75,311,7.1,12.0
2014-03-21,35.78,311,0.8,13.4
2014-03-22,35.79,311,0.0,13.9
2014-03-23,35.68,310,0.0,12.8
2014-03-24,35.6,309,0.0,15.0
2014-03-25,35.46,308,1.0,12.6
2014-03-26,35.34,307,0.5,12.4
2014-03-27,35.27,306,5.1,15.1
2014-03-28,35.17,305,0.0,14.1
2014-03-29,35.16,305,4.1,9.7
2014-03-30,35.05,304,0.8,7.5
2014-03-31,34.94,304,0.0,9.3
2014-04-01,34.82,303,0.0,11.7
2014-04-02,34.6,301,0.0,12.4
2014-04-03,34.5,300,0.0,12.3
2014-04-04,34.5,300,0.0,14.8
2014-04-05,34.29,298,0.0,17.9
2014-04-06,34.11,296,0.0,15.2
2014-04-07,34.07,296,0.0,11.1
2014-04-08,33.83,294,0.0,12.3
2014-04-09,33.68,293,0.0,13.7
2014-04-10,33.48,291,0.5,14.3
2014-04-11,33.56,292,12.2,11.3
2014-04-12,33.39,290,0.3,10.9
2014-04-13,33.25,289,0.3,12.7
2014-04-14,33.13,288,0.0,13.0
2014-04-15,32.95,286,0.0,15.1
2014-04-16,32.75,284,0.0,17.6
2014-04-17,32.59,283,0.5,16.1
2014-04-18,32.49,282,7.1,13.8
2014-04-19,32.24,280,0.0,15.3
2014-04-20,32.01,278,0.0,16.1
2014-04-21,31.88,277,0.3,16.6
2014-04-22,31.75,276,0.0,20.1
2014-04-23,31.47,273,0.0,20.4
2014-04-24,31.37,273,1.0,19.4
2014-04-25,31.14,271,0.0,17.2
2014-04-26,30.91,268,0.0,14.9
2014-04-27,30.7,267,0.0,15.7
2014-04-28,30.66,266,2.8,15.0
2014-04-29,30.52,265,3.6,17.1
2014-04-30,30.22,263,0.5,15.3
2014-05-01,30.24,263,0.8,16.2
2014-05-02,30.09,261,2.5,17.2
2014-05-03,29.95,260,0.0,19.1
2014-05-04,29.78,259,0.3,19.3
2014-05-05,29.63,257,3.3,16.9
2014-05-06,29.56,257,2.5,14.4
2014-05-07,29.42,256,0.0,14.0
2014-05-08,29.24,254,0.0,14.7
2014-05-09,29.12,253,4.6,13.8
2014-05-10,29.71,258,12.4,13.9
2014-05-11,30.17,262,3.8,15.4
2014-05-12,30.26,263,0.3,19.6
2014-05-13,30.27,263,0.0,19.1
2014-05-14,30.17,262,0.3,22.9
2014-05-15,30.03,261,0.0,20.3
2014-05-16,29.9,260,0.0,20.0
2014-05-17,29.8,259,0.0,19.4
2014-05-18,29.58,257,0.0,18.1
2014-05-19,29.37,255,0.0,19.6
2014-05-20,29.23,254,0.0,20.2
2014-05-21,29.04,252,0.0,20.2
2014-05-22,28.86,251,0.0,20.3
2014-05-23,28.6,248,0.0,19.6
2014-05-24,28.36,246,0.0,19.7
2014-05-25,28.14,244,0.0,21.4
2014-05-26,28.0,243,0.0,22.1
2014-05-27,27.77,241,0.0,22.6
2014-05-28,27.52,239,0.0,23.6
2014-05-29,27.32,237,0.0,26.1
2014-05-30,27.08,235,0.8,21.4
2014-05-31,26.89,234,19.8,18.8
2014-06-01,26.76,232,1.0,19.0
2014-06-02,26.74,232,9.4,18.7
2014-06-03,26.62,231,12.2,19.4
2014-06-04,26.44,230,1.0,21.1
2014-06-05,26.44,230,10.9,18.9
2014-06-06,27.87,242,1.3,19.1
2014-06-07,28.16,245,13.5,21.8
2014-06-08,28.14,244,0.0,22.7
2014-06-09,28.15,245,0.0,22.8
2014-06-10,27.97,243,0.0,23.3
2014-06-11,27.8,242,0.0,23.0
2014-06-12,27.67,240,0.0,22.2
2014-06-13,27.36,238,0.0,22.8
2014-06-14,27.24,237,0.0,24.9
2014-06-15,26.98,234,0.0,24.9
2014-06-16,26.72,232,0.0,23.7
2014-06-17,26.69,232,0.0,24.9
2014-06-18,26.53,230,0.0,25.8
2014-06-19,26.36,229,26.9,24.4
2014-06-20,26.3,228,3.0,21.0
2014-06-21,26.09,227,0.0,21.6
2014-06-22,26.03,226,1.0,21.1
2014-06-23,25.8,224,0.0,22.9
2014-06-24,25.69,223,0.0,24.2
2014-06-25,25.38,220,0.0,26.0
2014-06-26,25.11,218,0.0,27.9
2014-06-27,24.71,215,0.0,26.4
2014-06-28,24.29,211,0.0,22.8
2014-06-29,24.13,210,0.0,22.8
2014-06-30,23.87,207,0.0,23.9
2014-07-01,23.71,206,0.0,24.2
2014-07-02,23.56,205,0.0,24.6
2014-07-03,23.28,202,0.0,23.9
2014-07-04,23.09,201,0.8,22.3
2014-07-05,22.97,200,0.0,24.5
2014-07-06,22.71,197,0.0,24.7
2014-07-07,22.53,196,0.0,25.3
2014-07-08,22.31,194,0.0,25.9
2014-07-09,22.18,193,0.0,26.4
2014-07-10,21.88,190,0.0,26.9
2014-07-11,21.68,188,0.0,29.1
2014-07-12,21.43,186,0.0,27.1
2014-07-13,21.34,185,0.0,25.8
2014-07-14,21.09,183,0.0,26.1
2014-07-15,20.92,182,0.5,25.8
2014-07-16,20.71,180,1.5,25.4
2014-07-17,20.55,179,0.0,26.1
2014-07-18,20.34,177,0.0,25.4
2014-07-19,20.19,175,16.0,24.0
2014-07-20,20.2,176,0.5,25.7
2014-07-21,20.08,174,0.0,25.8
2014-07-22,20.24,176,0.0,26.9
2014-07-23,20.04,174,0.0,27.8
2014-07-24,19.87,173,0.0,26.6
2014-07-25,19.74,171,2.0,26.4
2014-07-26,19.64,171,0.0,27.3
2014-07-27,19.47,169,0.0,27.2
2014-07-28,19.34,168,0.0,28.0
2014-07-29,19.22,167,0.0,27.6
2014-07-30,19.09,166,0.0,27.6
2014-07-31,18.94,165,0.0,27.3
2014-08-01,18.78,163,0.0,27.7
2014-08-02,18.59,161,0.0,26.4
2014-08-03,18.62,162,5.3,25.5
2014-08-04,18.76,163,0.0,27.3
2014-08-05,18.69,162,0.0,28.3
2014-08-06,18.48,161,0.0,28.6
2014-08-07,18.25,159,23.9,24.9
2014-08-08,18.56,161,3.0,24.6
2014-08-09,18.59,161,4.1,25.2
2014-08-10,18.61,162,0.0,27.3
2014-08-11,18.57,161,0.0,27.7
2014-08-12,18.5,161,0.0,28.2
2014-08-13,18.41,160,0.0,28.1
2014-08-14,18.17,158,0.0,28.6
2014-08-15,17.99,156,0.0,27.7
2014-08-16,17.73,154,0.0,28.6
2014-08-17,17.63,153,0.0,26.7
2014-08-18,17.6,153,1.8,24.0
2014-08-19,17.38,151,0.0,25.1
2014-08-20,17.24,150,0.0,26.4
2014-08-21,17.14,149,0.0,26.1
2014-08-22,16.98,147,0.0,27.3
2014-08-23,16.93,147,0.0,27.5
2014-08-24,16.73,145,0.0,27.0
2014-08-25,16.65,145,0.3,26.2
2014-08-26,16.41,143,0.0,26.2
2014-08-27,16.31,142,0.0,26.5
2014-08-28,16.16,140,0.0,25.9
2014-08-29,15.97,139,0.0,24.5
2014-08-30,15.81,137,0.0,24.6
2014-08-31,15.68,136,0.0,24.9
2014-09-01,15.51,135,0.0,24.1
2014-09-02,15.43,134,0.0,25.3
2014-09-03,15.3,133,0.3,26.5
2014-09-04,15.24,132,1.0,26.3
2014-09-05,15.15,132,0.0,26.2
2014-09-06,15.05,131,4.1,24.7
2014-09-07,15.38,134,2.0,24.1
2014-09-08,15.35,133,24.1,22.3
2014-09-09,15.39,134,0.5,23.8
2014-09-10,15.27,133,0.0,24.4
2014-09-11,15.11,131,0.0,23.9
2014-09-12,14.96,130,0.0,24.2
2014-09-13,14.87,129,0.0,24.5
2014-09-14,14.71,128,0.0,24.3
2014-09-15,14.58,127,0.0,23.5
2014-09-16,14.46,126,0.0,23.6
2014-09-17,14.48,126,0.0,22.6
2014-09-18,15.33,133,0.0,20.2
2014-09-19,17.37,151,11.2,21.1
2014-09-20,17.91,156,0.0,20.3
2014-09-21,17.98,156,0.0,20.2
2014-09-22,17.93,156,0.0,22.1
2014-09-23,17.86,155,10.2,20.4
2014-09-24,17.99,156,3.3,17.4
2014-09-25,18.01,156,0.0,18.1
2014-09-26,17.99,156,7.9,18.1
2014-09-27,18.17,158,14.0,16.6
2014-09-28,20.42,177,16.0,17.8
2014-09-29,22.1,192,0.5,18.2
2014-09-30,22.59,196,0.0,17.6
2014-10-01,22.72,197,0.0,18.0
2014-10-02,22.67,197,0.0,19.4
2014-10-03,22.52,196,0.0,17.3
2014-10-04,22.45,195,0.0,17.1
2014-10-05,22.34,194,0.0,17.9
2014-10-06,22.42,195,0.0,18.5
2014-10-07,22.28,194,0.0,19.8
2014-10-08,22.15,192,0.0,19.6
2014-10-09,22.07,192,0.0,18.2
2014-10-10,21.97,191,0.0,18.8
2014-10-11,21.93,190,0.0,18.6
2014-10-12,21.9,190,0.0,17.8
2014-10-13,21.83,190,0.0,17.7
2014-10-14,21.74,189,0.0,17.9
2014-10-15,21.7,189,0.0,17.8
2014-10-16,21.58,187,0.0,21.5
2014-10-17,21.53,187,1.0,21.2
2014-10-18,21.58,187,0.8,18.9
2014-10-19,21.51,187,0.8,14.3
2014-10-20,21.43,186,0.0,12.9
2014-10-21,21.39,186,0.0,14.7
2014-10-22,21.31,185,0.0,19.4
2014-10-23,21.17,184,0.0,21.4
2014-10-24,21.13,184,1.3,19.4
2014-10-25,21.87,190,8.9,18.1
2014-10-26,24.32,211,0.3,15.8
2014-10-27,27.36,238,1.8,12.9
2014-10-28,28.74,250,3.3,13.4
2014-10-29,29.61,257,0.0,16.2
2014-10-30,30.42,264,13.7,13.1
2014-10-31,32.51,282,11.4,11.6
2014-11-01,34.41,299,7.9,12.3
2014-11-02,35.17,306,0.0,12.2
2014-11-03,35.59,309,0.0,10.2
2014-11-04,35.93,312,0.0,11.9
2014-11-05,36.08,313,0.0,12.3
2014-11-06,36.42,316,0.0,13.7
2014-11-07,36.49,317,0.0,15.3
2014-11-08,36.44,317,0.0,17.2
2014-11-09,36.37,316,0.0,16.0
2014-11-10,36.4,316,0.0,15.7
2014-11-11,36.4,316,0.0,15.1
2014-11-12,36.42,316,0.0,15.2
2014-11-13,36.47,317,0.3,15.0
2014-11-14,36.57,318,0.0,16.1
2014-11-15,36.78,320,0.3,14.4
2014-11-16,36.91,321,0.0,14.4
2014-11-17,36.95,321,0.5,14.8
2014-11-18,36.98,321,0.0,16.8
2014-11-19,37.05,322,0.0,17.5
2014-11-20,37.41,325,22.1,12.8
2014-11-21,37.76,328,2.3,10.9
2014-11-22,38.12,331,0.0,8.1
2014-11-23,38.21,332,0.3,8.8
2014-11-24,38.49,334,2.0,9.3
2014-11-25,39.4,342,9.1,8.2
2014-11-26,41.25,358,16.5,7.1
2014-11-27,42.98,373,0.8,6.7
2014-11-28,43.65,379,0.0,8.1
2014-11-29,44.22,384,0.0,11.8
2014-11-30,44.52,387,11.4,9.6
2014-12-01,45.26,393,9.4,8.4
2014-12-02,45.97,399,0.5,10.6
2014-12-03,46.42,403,4.3,15.3
2014-12-04,46.83,407,0.3,14.6
2014-12-05,47.36,411,1.0,12.2
2014-12-06,47.67,414,0.8,13.1
2014-12-07,47.92,416,13.2,14.8
2014-12-08,48.37,420,0.5,13.8
2014-12-09,48.98,425,0.0,13.7
2014-12-10,49.37,429,0.0,9.0
2014-12-11,49.7,432,2.8,11.3
2014-12-12,50.1,435,3.0,10.7
2014-12-13,50.93,442,8.6,9.9
2014-12-14,51.41,447,0.0,9.3
2014-12-15,51.98,452,0.0,9.8
2014-12-16,52.29,454,0.0,9.9
2014-12-19,53.43,464,0.0,10.7
2014-12-20,53.73,467,0.0,10.7
2014-12-21,53.88,468,0.0,10.7
2014-12-22,54.46,473,0.0,7.9
2014-12-23,54.7,475,0.0,10.6
2014-12-24,54.89,477,0.0,11.8
2014-12-25,55.06,478,0.0,11.7
2014-12-26,55.3,480,4.1,12.3
2014-12-27,55.66,484,11.7,9.2
2014-12-28,56.63,492,0.0,6.8
2014-12-29,56.88,494,0.0,8.2
2014-12-30,59.58,518,0.0,1.6
2014-12-31,60.78,528,0.0,3.5
2015-01-01,66.71,580,0.0,2.8
2015-01-02,69.3,602,0.0,2.6
2015-01-03,70.02,608,0.0,5.5
2015-01-04,70.52,613,0.0,7.1
2015-01-05,72.04,626,0.0,5.2
2015-01-06,73.15,635,2.0,2.0
2015-01-07,74.03,643,15.0,-2.1
2015-01-08,74.56,648,2.8,-2.8
2015-01-09,74.75,649,2.8,0.8
2015-01-10,74.84,650,0.0,6.2
2015-01-11,75.04,652,5.3,10.2
2015-01-12,76.03,660,1.0,5.8
2015-01-13,81.26,706,40.4,6.4
2015-01-14,82.85,720,0.0,7.1
2015-01-15,83.45,725,0.0,6.4
2015-01-16,83.97,729,0.0,6.1
2015-01-17,84.29,732,0.0,6.1
2015-01-18,84.36,733,0.0,8.7
2015-01-19,84.5,734,0.0,10.5
2015-01-20,84.28,732,0.0,11.8
2015-01-21,84.57,735,0.0,11.2
2015-01-22,84.62,735,0.0,12.6
2015-01-23,84.62,735,0.0,15.0
2015-01-24,84.69,736,0.0,12.9
2015-01-25,84.71,736,0.0,11.8
2015-01-26,85.06,739,0.0,8.7
2015-01-27,85.13,739,1.0,8.8
2015-01-28,85.65,744,14.5,6.9
2015-01-29,86.24,749,5.6,8.9
2015-01-30,86.36,750,2.0,11.8
2015-01-31,86.24,749,0.0,15.4
2015-02-01,86.52,752,0.0,17.8
2015-02-02,86.67,753,0.8,11.5
2015-02-03,88.1,765,34.5,8.9
2015-02-04,89.73,779,0.0,10.8
2015-02-05,89.91,781,0.3,13.9
2015-02-06,89.85,780,0.0,12.8
2015-02-07,89.9,781,1.8,7.4
2015-02-08,90.0,782,0.0,5.9
2015-02-09,90.21,784,10.2,3.6
2015-02-10,90.43,786,6.9,1.3
2015-02-11,91.15,792,15.5,1.9
2015-02-12,91.64,796,9.4,3.9
2015-02-13,92.9,807,6.1,5.4
2015-02-14,93.68,814,0.0,6.3
2015-02-15,93.91,816,0.3,8.1
2015-02-16,94.33,819,1.0,5.8
2015-02-17,94.3,819,3.3,0.9
2015-02-18,94.14,818,15.2,-0.8
2015-02-19,93.53,812,18.3,1.2
2015-02-20,93.39,811,1.3,3.8
2015-02-21,93.95,816,3.6,5.4
2015-02-22,95.12,826,0.0,8.8
2015-02-23,95.59,830,0.3,10.2
2015-02-24,96.28,836,7.9,12.7
2015-02-25,96.44,838,0.5,13.1
2015-02-26,96.19,836,0.0,12.9
2015-02-27,96.33,837,0.0,12.4
2015-02-28,96.33,837,2.0,10.7
2015-03-01,96.25,836,0.0,8.0
2015-03-02,95.9,833,0.0,9.2
2015-03-03,95.64,831,0.0,8.6
2015-03-04,95.66,831,5.6,7.5
2015-03-05,95.42,829,0.0,9.3
2015-03-06,95.35,828,0.0,13.3
2015-03-07,95.15,827,0.0,8.4
2015-03-08,94.95,825,0.0,7.6
2015-03-09,94.94,825,0.0,7.6
2015-03-10,94.88,824,0.0,8.3
2015-03-11,94.77,823,0.8,7.8
2015-03-12,94.71,823,0.0,7.6
2015-03-13,94.61,822,0.0,9.0
2015-03-14,94.5,821,2.0,9.4
2015-03-15,94.63,822,1.8,8.4
2015-03-16,95.08,826,1.5,8.2
2015-03-17,95.01,825,0.0,6.7
2015-03-18,94.91,824,0.0,4.3
2015-03-19,94.82,824,0.0,5.2
2015-03-20,94.76,823,0.5,5.3
2015-03-21,94.81,824,3.0,6.3
2015-03-22,95.01,825,4.8,9.3
2015-03-23,95.08,826,0.0,9.1
2015-03-24,95.09,826,1.8,8.4
2015-03-25,95.05,826,0.0,10.9
2015-03-26,94.99,825,0.0,15.3
2015-03-27,94.96,825,2.5,16.3
2015-03-28,95.01,825,2.3,14.1
2015-03-29,94.97,825,2.5,12.9
2015-03-30,94.9,824,0.0,12.8
2015-03-31,94.75,823,2.5,12.1
2015-04-01,94.71,823,1.8,13.8
2015-04-02,94.74,823,9.9,9.2
2015-04-03,94.76,823,0.3,8.8
2015-04-04,94.69,823,3.6,8.2
2015-04-05,94.71,823,0.0,10.1
2015-04-06,94.6,822,5.1,13.1
2015-04-07,95.5,830,25.7,7.9
2015-04-29,95.51,830,0.0,18.3
2015-04-30,95.5,830,10.9,14.6
2015-05-01,95.38,829,0.0,13.2
2015-05-02,95.25,827,0.0,17.7
2015-05-03,95.23,827,1.8,15.8
2015-05-04,95.19,827,1.0,18.4
2015-05-05,95.13,826,0.0,20.1
2015-05-06,95.01,825,0.0,20.9
2015-05-07,94.85,824,0.3,21.3
2015-05-08,94.81,824,36.1,16.1
2015-05-09,95.09,826,16.8,16.8
2015-05-10,95.1,826,0.0,16.8
2015-05-11,94.91,825,0.0,17.1
2015-05-12,94.75,823,0.0,17.6
2015-05-13,94.65,822,0.0,17.8
2015-05-14,94.56,821,0.0,18.0
2015-05-15,94.37,820,0.0,20.6
2015-05-16,94.23,819,0.0,22.2
2015-05-17,94.14,818,0.0,21.7
2015-05-18,93.97,816,0.0,22.0
2015-05-19,93.88,815,0.0,21.7
2015-05-20,93.69,814,0.0,19.0
2015-05-21,93.5,812,0.0,18.7
2015-05-22,93.25,810,0.0,19.2
2015-05-23,93.08,809,0.0,21.4
2015-05-24,92.9,807,0.0,23.7
2015-05-25,92.7,805,0.0,22.2
2015-05-26,92.56,804,0.0,23.1
2015-05-27,92.44,803,0.5,19.9
2015-05-28,92.64,805,0.0,17.4
2015-05-29,92.52,804,0.0,17.6
2015-05-30,92.37,802,0.0,18.8
2015-05-31,92.26,801,0.0,19.6
2015-06-01,92.19,801,0.0,20.4
2015-06-02,91.93,799,0.0,20.2
2015-06-03,91.7,797,0.0,20.1
2015-06-04,91.39,794,0.0,22.7
2015-06-05,91.18,792,5.1,20.2
2015-06-06,90.91,790,6.1,20.9
2015-06-07,90.77,789,0.0,21.0
2015-06-08,90.5,786,6.1,19.7
2015-06-09,90.3,784,0.0,20.9
2015-06-10,90.05,782,0.0,20.9
2015-06-11,89.83,780,0.0,21.7
2015-06-12,89.56,778,0.0,22.2
2015-06-13,89.27,775,0.0,24.2
2015-06-14,88.83,772,0.0,23.3
2015-06-15,88.52,769,0.0,25.3
2015-06-16,88.16,766,0.0,25.4
2015-06-17,87.99,764,0.0,23.7
2015-06-18,87.67,762,0.5,22.8
2015-06-19,88.86,772,0.3,20.8
2015-06-20,88.63,770,4.8,21.7
2015-06-21,88.45,768,0.0,23.1
2015-06-22,88.21,766,0.0,21.0
2015-06-23,87.89,763,57.4,21.3
2015-06-24,87.7,762,0.0,21.6
2015-06-25,87.46,760,0.0,21.6
2015-06-26,87.17,757,0.0,22.4
2015-06-27,86.91,755,0.0,22.2
2015-06-28,86.63,752,0.0,23.4
2015-06-29,86.31,750,10.9,21.7
2015-06-30,86.1,748,0.0,23.3
2015-07-01,85.81,745,0.0,23.6
2015-07-02,85.57,743,0.0,23.8
2015-07-03,85.28,741,0.0,23.1
2015-07-04,84.92,738,0.0,22.7
2015-07-05,84.91,738,0.0,23.6
2015-07-06,84.71,736,0.0,23.4
2015-07-07,84.42,733,0.3,24.8
2015-07-08,84.17,731,0.0,26.3
2015-07-09,83.86,729,0.0,25.8
2015-07-10,83.61,726,0.0,25.7
2015-07-11,83.37,724,0.0,24.8
2015-07-12,83.16,722,0.0,24.4
2015-07-13,82.85,720,0.0,24.1
2015-07-14,82.57,717,0.0,23.7
2015-07-15,82.35,715,0.0,24.4
2015-07-16,82.1,713,0.0,25.4
2015-07-17,81.87,711,0.0,24.9
2015-07-18,81.65,709,0.0,25.2
2015-07-19,81.43,707,0.0,25.8
2015-07-20,81.24,706,0.0,25.2
2015-07-21,80.99,704,0.0,25.3
2015-07-22,80.71,701,0.0,25.8
2015-07-23,80.39,698,0.0,25.5
2015-07-24,80.11,696,0.0,25.7
2015-07-25,79.85,694,0.0,25.5
2015-07-26,79.61,692,0.0,27.4
2015-07-27,79.37,689,0.0,28.6
2015-07-28,79.06,687,0.0,29.4
2015-07-29,78.79,684,0.0,30.3
2015-07-30,78.57,682,0.0,29.6
2015-07-31,78.21,679,0.0,27.9
2015-08-01,77.84,676,0.5,27.1
2015-08-02,77.53,673,0.0,27.2
2015-08-03,77.19,670,0.0,27.1
2015-08-04,76.93,668,0.0,27.8
2015-08-05,76.63,666,0.0,28.0
2015-08-06,76.32,663,0.0,27.5
2015-08-07,76.06,661,0.0,27.8
2015-08-08,75.68,657,0.0,27.3
2015-08-09,75.32,654,0.0,27.6
2015-08-10,75.05,652,2.0,25.5
2015-08-11,74.74,649,0.0,25.3
2015-08-12,74.42,646,0.0,27.3
2015-08-13,74.18,644,0.0,27.9
2015-08-14,73.87,642,1.5,27.6
2015-08-15,73.57,639,0.0,28.0
2015-08-16,73.22,636,0.0,28.2
2015-08-17,72.93,634,0.0,28.4
2015-08-18,72.59,631,0.8,27.5
2015-08-19,72.32,628,0.0,27.8
2015-08-20,71.95,625,0.0,27.6
2015-08-21,71.6,622,0.0,27.1
2015-08-22,71.28,619,0.0,25.7
2015-08-23,71.24,619,1.8,23.4
2015-08-24,71.05,617,0.3,24.6
2015-08-25,70.7,614,0.0,25.4
2015-08-26,70.42,612,0.0,24.6
2015-08-27,70.1,609,0.0,24.6
2015-08-28,69.77,606,0.0,25.1
2015-08-29,69.56,604,0.0,25.9
2015-08-30,69.26,602,0.0,26.0
2015-08-31,68.98,599,0.0,25.8
2015-09-01,68.61,596,0.0,26.3
2015-09-02,68.32,593,0.0,26.2
2015-09-03,68.04,591,0.0,26.2
2015-09-04,67.72,588,0.0,26.3
2015-09-05,67.34,585,0.0,25.6
2015-09-06,67.05,582,0.0,29.6
2015-09-07,66.72,580,0.0,24.9
2015-09-08,66.36,576,0.0,24.1
2015-09-09,65.97,573,0.0,24.2
2015-09-10,65.64,570,0.0,25.4
2015-09-11,65.41,568,0.0,26.1
2015-09-12,65.09,565,0.0,23.3
2015-09-15,65.0,565,0.0,23.4
2015-09-16,64.79,563,0.0,23.1
2015-09-17,64.49,560,0.0,23.7
2015-09-18,64.21,558,0.0,23.6
2015-09-19,63.97,556,0.0,23.6
2015-09-20,63.62,553,0.0,23.1
2015-09-21,63.36,550,0.0,23.2
2015-09-22,63.07,548,0.0,23.3
2015-09-23,62.86,546,0.5,23.3
2015-09-24,62.89,546,0.5,23.3
2015-09-25,63.12,548,0.0,24.6
2015-09-26,62.4,542,0.0,24.3
2015-09-27,62.15,540,0.5,24.7
2015-09-28,61.9,538,2.0,23.0
2015-09-29,64.76,563,29.5,19.8
2015-09-30,66.45,577,46.0,17.3
2015-10-01,66.81,580,0.0,18.1
2015-10-02,66.81,580,0.0,18.7
2015-10-03,66.74,580,0.0,19.9
2015-10-04,66.63,579,0.0,20.4
2015-10-05,66.49,578,0.0,20.5
2015-10-06,66.28,576,13.0,17.8
2015-10-07,67.08,583,0.0,18.6
2015-10-08,67.27,584,0.0,18.6
2015-10-09,67.29,585,0.0,17.7
2015-10-10,67.19,584,0.0,19.0
2015-10-11,67.08,583,8.9,19.1
2015-10-12,67.16,583,20.1,21.2
2015-10-13,67.3,585,14.0,15.2
2015-10-14,67.31,585,0.0,17.2
2015-10-15,67.23,584,0.0,16.8
2015-10-16,67.09,583,0.0,17.9
2015-10-17,66.92,581,0.0,18.5
2015-10-18,66.72,580,0.0,18.3
2015-10-19,66.54,578,0.0,18.1
2015-10-20,66.31,576,0.0,18.6
2015-10-21,66.22,575,0.0,16.4
2015-10-22,66.1,574,5.1,17.3
2015-10-23,66.39,577,14.2,16.8
2015-10-24,68.0,591,13.0,13.0
2015-10-25,69.4,603,2.3,14.1
2015-10-26,69.62,605,0.0,14.5
2015-10-27,69.72,606,0.0,14.3
2015-10-28,69.76,606,0.3,13.3
2015-10-29,69.74,606,0.0,14.1
2015-10-30,69.66,605,0.0,15.0
2015-10-31,69.57,604,0.0,13.8
2015-11-01,69.38,603,0.0,13.1
2015-11-02,69.13,600,0.0,13.2
2015-11-03,68.93,599,0.0,12.6
2015-11-04,68.75,597,0.0,13.2
2015-11-05,68.58,596,0.0,13.4
2015-11-06,68.41,594,0.0,14.2
2015-11-07,68.25,593,0.0,14.1
2015-11-08,68.01,591,0.0,12.8
2015-11-09,67.79,589,0.0,13.9
2015-11-10,67.56,587,0.0,14.2
2015-11-11,67.37,585,0.0,15.8
2015-11-12,67.15,583,0.0,15.2
2015-11-13,66.98,582,0.0,14.9
2015-11-14,66.78,580,0.0,13.8
2015-11-15,66.57,578,0.0,13.9
2015-11-16,66.33,576,0.0,12.9
2015-11-17,66.15,575,0.0,13.3
2015-11-18,65.89,572,0.0,12.8
2015-11-19,65.65,570,0.0,14.3
2015-11-20,65.37,568,0.0,15.0
2015-11-21,65.06,565,0.0,18.7
2015-11-22,64.82,563,0.0,20.7
2015-11-23,64.7,562,0.0,19.1
2015-11-24,64.5,560,0.0,16.5
2015-11-25,64.32,559,0.0,15.9
2015-11-26,64.05,556,2.5,15.6
2015-11-27,64.1,557,1.8,15.9
2015-11-28,63.98,556,4.3,14.4
2015-11-29,64.15,557,15.2,11.4
2015-11-30,64.08,557,0.0,10.6
2015-12-01,63.98,556,0.0,13.1
2015-12-02,63.79,554,0.3,9.8
2015-12-03,63.62,553,0.0,8.6
2015-12-04,63.5,552,0.0,7.9
2015-12-05,63.31,550,0.0,7.8
2015-12-06,63.1,548,0.0,7.8
2015-12-07,62.91,546,0.0,8.7
2015-12-08,62.77,545,0.0,10.2
2015-12-09,62.58,544,0.0,11.5
2015-12-10,62.39,542,0.0,10.3
2015-12-11,62.18,540,0.5,8.8
2015-12-12,61.96,538,0.0,8.1
2015-12-13,61.71,536,0.0,8.0
2015-12-14,61.56,535,0.0,8.7
2015-12-15,61.4,533,0.0,9.1
2015-12-16,61.2,532,0.0,7.9
2015-12-17,60.98,530,2.3,8.0
2015-12-18,60.92,529,1.8,7.9
2015-12-19,60.72,527,0.0,8.6
2015-12-20,60.56,526,0.0,7.9
2015-12-21,60.24,523,0.0,7.3
2015-12-22,60.13,522,0.0,8.7
2015-12-23,59.98,521,0.0,7.9
2015-12-24,59.76,519,0.0,8.8
2015-12-25,59.63,518,0.0,9.2
2015-12-26,59.43,516,0.0,9.8
2015-12-27,59.18,514,0.0,8.4
2015-12-28,58.94,512,0.0,8.6
2015-12-29,58.79,511,0.8,7.8
2015-12-30,58.62,509,1.5,2.8
2015-12-31,58.68,510,14.2,-0.9
2016-01-01,58.56,509,11.9,0.4
2016-01-02,58.4,507,0.3,0.9
2016-01-03,58.25,506,0.5,1.4
2016-01-04,58.32,507,5.8,5.9
2016-01-05,58.69,510,10.4,7.6
2016-01-06,60.81,528,23.6,11.4
2016-01-07,61.84,537,0.0,12.6
2016-01-08,62.96,547,9.7,7.6
2016-01-09,63.46,551,0.0,9.4
2016-01-10,63.61,553,0.0,11.1
2016-01-11,63.88,555,2.5,15.3
2016-01-12,64.15,557,0.0,16.7
2016-01-15,67.18,584,0.0,9.4
2016-01-16,67.52,587,0.0,12.5
2016-01-17,67.68,588,0.0,10.1
2016-01-18,70.6,613,43.2,0.7
2016-01-19,71.68,623,4.3,0.6
2016-01-20,72.23,627,0.0,2.6
2016-01-21,72.58,631,0.0,5.7
2016-01-22,72.96,634,0.8,3.1
2016-01-23,73.19,636,0.3,0.8
2016-01-24,73.42,638,3.8,1.0
2016-01-25,73.51,639,0.0,0.7
2016-01-26,73.65,640,0.0,1.9
2016-01-27,73.8,641,4.3,5.2
2016-01-28,73.98,643,0.0,9.5
2016-01-29,74.69,649,0.0,9.7
2016-01-30,75.33,654,0.0,8.8
2016-01-31,75.58,657,0.0,9.9
2016-02-01,75.76,658,0.0,12.5
2016-02-02,75.82,659,0.3,10.6
2016-02-03,75.88,659,0.0,13.6
2016-02-04,75.9,659,0.0,14.9
2016-02-05,76.09,661,0.0,6.8
2016-02-06,81.37,707,39.4,4.4
2016-02-07,84.21,731,0.5,5.1
2016-02-08,84.61,735,0.0,5.4
2016-02-09,84.81,737,0.0,6.3
2016-02-10,84.94,738,0.0,10.7
2016-02-11,85.35,741,0.3,11.7
2016-02-12,86.01,747,6.1,12.0
2016-02-13,86.42,751,8.6,14.6
2016-02-14,86.67,753,0.5,15.5
2016-02-15,86.86,755,0.0,17.1
2016-02-16,86.9,755,0.0,17.7
2016-02-17,86.82,754,0.0,13.4
2016-02-18,86.74,754,0.0,9.6
2016-02-19,86.84,754,0.3,9.0
2016-02-20,86.69,753,0.0,8.3
2016-02-21,86.79,754,2.8,6.7
2016-02-22,86.68,753,0.5,7.9
2016-02-23,86.6,752,0.0,11.8
2016-02-24,86.5,751,0.0,13.2
2016-02-25,86.79,754,23.9,9.0
2016-02-26,86.91,755,0.0,11.1
2016-02-27,86.97,755,13.0,12.4
2016-02-28,87.03,756,1.3,10.5
2016-02-29,87.03,756,0.0,10.3
2016-03-01,87.05,756,0.0,15.5
2016-03-02,87.02,756,7.9,13.6
2016-03-03,87.86,763,30.2,10.8
2016-03-04,88.51,769,4.3,12.6
2016-03-05,89.02,773,6.1,10.1
2016-03-06,89.05,774,0.0,11.8
2016-03-07,89.06,774,0.0,14.1
2016-03-08,89.07,774,0.0,14.9
2016-03-09,89.04,773,0.0,14.3
2016-03-10,88.97,773,0.0,12.2
2016-03-11,88.83,772,0.0,13.6
2016-03-12,88.74,771,0.0,11.7
2016-03-13,88.6,770,0.0,9.9
2016-03-14,88.52,769,2.3,7.7
2016-03-15,88.37,768,0.8,6.9
2016-03-16,88.2,766,0.8,6.9
2016-03-17,88.04,765,0.3,6.2
2016-03-18,87.87,763,0.0,7.1
2016-03-19,87.77,762,0.5,10.1
2016-03-20,87.64,761,0.8,7.7
2016-03-21,87.41,759,0.0,11.6
2016-03-22,87.21,758,0.0,16.2
2016-03-23,87.16,757,0.0,18.2
2016-03-24,86.93,755,0.5,15.0
2016-03-25,86.99,756,10.9,8.1
2016-03-26,87.35,759,17.8,6.4
2016-03-27,87.64,761,0.0,7.0
2016-03-28,87.7,762,0.0,7.6
2016-03-29,87.65,761,0.3,10.3
2016-03-30,87.73,762,0.3,13.3
2016-03-31,87.65,761,0.0,15.1
2016-04-01,87.56,761,0.0,15.9
2016-04-02,87.61,761,0.0,12.6
2016-04-03,87.55,761,0.0,12.3
2016-04-04,87.5,760,0.0,13.2
2016-04-05,87.35,759,0.0,14.4
2016-04-06,87.29,758,0.0,14.8
2016-04-07,87.19,757,0.0,16.7
2016-04-08,87.18,757,0.0,18.8
2016-04-09,87.44,760,0.0,19.6
2016-04-10,87.12,757,0.0,17.7
2016-04-11,87.02,756,1.3,16.1
2016-04-12,86.99,756,0.0,15.2
2016-04-13,86.86,755,0.0,16.4
2016-04-14,86.76,754,0.0,20.2
2016-04-15,86.69,753,0.0,18.8
2016-04-16,86.57,752,0.0,19.2
2016-04-17,86.34,750,0.0,19.2
2016-04-18,86.17,749,0.0,20.8
2016-04-19,85.99,747,0.0,22.0
2016-04-20,85.89,746,0.3,18.6
2016-04-21,85.62,744,1.3,13.4
2016-04-22,85.31,741,0.0,14.9
2016-04-23,85.11,739,0.0,16.6
2016-04-24,84.9,737,0.5,17.5
2016-04-25,84.81,737,21.6,16.9
2016-04-26,84.72,736,0.0,13.8
2016-04-27,84.67,736,3.6,13.5
2016-04-28,84.56,735,0.0,15.3
2016-04-29,84.4,733,0.0,15.8
2016-04-30,84.22,732,0.0,15.2
2016-05-01,84.02,730,0.0,14.3
2016-05-02,83.75,728,0.0,15.0
2016-05-03,83.55,726,0.8,16.7
2016-05-04,83.53,726,2.8,14.8
2016-05-05,83.46,725,1.0,14.5
2016-05-06,83.43,725,0.5,14.9
2016-05-07,83.29,724,0.0,15.4
2016-05-08,83.19,723,0.0,16.8
2016-05-09,83.01,721,0.0,17.1
2016-05-10,82.84,720,0.0,16.4
2016-05-11,82.59,717,0.0,17.3
2016-05-12,82.29,715,0.0,21.1
2016-05-13,82.19,714,1.3,22.4
2016-05-14,81.93,712,0.0,23.3
2016-05-15,81.79,711,0.0,21.9
2016-05-16,81.5,708,5.1,20.8
2016-05-17,81.24,706,0.0,16.7
2016-05-18,81.06,704,0.0,16.8
2016-05-19,80.77,702,0.0,17.9
2016-05-20,80.53,700,0.0,20.8
2016-05-21,80.32,698,0.0,20.2
2016-05-22,80.15,696,4.3,16.9
2016-05-23,79.97,695,0.5,17.5
2016-05-24,79.71,692,0.0,21.1
2016-05-25,79.44,690,1.3,19.6
2016-05-26,79.27,689,4.8,18.3
2016-05-27,79.07,687,0.5,16.4
2016-05-28,78.91,685,23.1,18.2
2016-05-29,78.76,684,0.0,20.8
2016-05-30,78.53,682,0.0,24.0
2016-05-31,78.28,680,0.0,24.9
2016-06-01,78.02,678,0.0,24.1
2016-06-02,77.66,675,0.0,25.7
2016-06-03,77.36,672,3.0,22.6
2016-06-04,77.07,670,0.0,21.1
2016-06-05,77.03,669,0.0,21.4
2016-06-06,76.82,667,0.0,21.8
2016-06-07,76.59,665,0.3,19.5
2016-06-08,76.36,663,3.3,17.8
2016-06-09,76.2,662,0.0,18.4
2016-06-10,75.95,660,0.0,19.9
2016-06-11,75.78,658,0.0,20.3
2016-06-12,75.6,657,0.0,24.0
2016-06-13,75.38,655,0.0,25.9
2016-06-14,75.13,653,0.3,21.8
2016-06-15,75.15,653,18.0,23.1
2016-06-16,74.93,651,0.0,24.9
2016-06-17,74.84,650,0.0,26.8
2016-06-18,74.67,649,0.0,27.3
2016-06-19,74.45,647,0.0,26.2
2016-06-20,74.16,644,0.0,27.4
2016-06-21,73.95,642,0.0,28.1
2016-06-22,73.7,640,0.0,27.3
2016-06-23,73.41,638,0.0,27.4
2016-06-24,73.11,635,0.0,27.8
2016-06-25,72.79,632,0.0,26.7
2016-06-26,72.5,630,0.0,26.8
2016-06-27,72.24,628,3.8,25.8
2016-06-28,71.92,625,0.0,25.7
2016-06-29,71.74,623,0.0,25.2
2016-06-30,71.63,622,1.8,23.9
2016-07-01,71.45,621,0.3,26.1
2016-07-02,71.31,619,0.0,26.7
2016-07-03,71.05,617,0.0,26.2
2016-07-04,70.76,615,0.0,27.4
2016-07-05,70.57,613,7.6,24.2
2016-07-06,70.44,612,4.6,24.6
2016-07-07,70.22,610,0.0,25.1
2016-07-08,69.97,608,0.0,25.0
2016-07-09,69.66,605,0.0,23.8
2016-07-10,69.34,602,0.0,23.5
2016-07-11,68.99,599,0.0,24.4
2016-07-12,68.58,596,0.0,25.2
2016-07-13,68.21,593,0.0,26.0
2016-07-14,67.86,590,0.0,25.6
2016-07-15,67.45,586,0.0,26.2
2016-07-16,67.09,583,0.0,27.9
2016-07-17,66.73,580,0.0,26.7
2016-07-18,66.34,576,0.0,25.9
2016-07-19,66.01,573,0.0,24.4
2016-07-20,65.68,571,0.0,23.1
2016-07-21,65.38,568,0.0,24.7
2016-07-22,65.05,565,0.0,25.5
2016-07-23,64.7,562,0.0,26.1
2016-07-24,64.43,560,0.0,26.6
2016-07-25,64.01,556,0.0,26.3
2016-07-26,63.74,554,0.0,26.2
2016-07-27,63.44,551,0.0,26.3
2016-07-28,63.08,548,0.0,26.9
2016-07-29,62.71,545,0.0,27.3
2016-07-30,62.37,542,0.0,27.2
2016-07-31,62.1,539,0.0,27.9
2016-08-01,61.72,536,0.0,28.2
2016-08-02,61.33,533,0.0,27.4
2016-08-03,61.02,530,0.0,27.7
2016-08-04,60.75,528,0.0,27.6
2016-08-05,60.52,526,0.0,27.9
2016-08-06,60.13,522,0.0,28.2
2016-08-07,59.79,519,0.0,27.9
2016-08-08,59.38,516,0.0,28.1
2016-08-09,58.96,512,0.0,28.4
2016-08-10,58.53,508,0.0,28.4
2016-08-11,58.19,505,0.0,29.0
2016-08-12,57.91,503,0.0,26.4
2016-08-13,57.53,500,0.3,21.8
2016-08-14,57.14,496,0.3,23.5
2016-08-15,56.88,494,0.0,23.5
2016-08-16,56.53,491,0.0,24.9
2016-08-17,56.18,488,0.0,25.3
2016-08-18,55.95,486,0.0,26.3
2016-08-19,55.63,483,0.0,26.8
2016-08-20,55.35,481,0.0,27.0
2016-08-21,55.09,479,0.0,27.4
2016-08-22,54.81,476,0.0,26.7
2016-08-23,54.57,474,0.0,26.4
2016-08-24,54.29,472,0.0,25.6
2016-08-25,54.11,470,29.0,24.4
2016-08-26,54.02,469,0.5,24.2
2016-08-27,53.81,467,2.8,24.1
2016-08-28,53.57,465,0.0,24.5
2016-08-29,53.33,463,0.0,24.5
2016-08-30,53.05,461,0.0,24.6
2016-08-31,52.78,459,0.0,24.4
2016-09-01,52.54,456,0.0,23.7
2016-09-02,52.22,454,0.0,23.7
2016-09-03,51.93,451,0.0,23.5
2016-09-04,51.67,449,0.0,23.9
2016-09-05,51.37,446,0.0,23.9
2016-09-06,51.09,444,0.0,25.4
2016-09-07,50.83,442,0.0,25.6
2016-09-08,50.57,439,0.0,25.6
2016-09-09,50.27,437,0.0,25.1
2016-09-10,50.05,435,0.0,25.2
2016-09-11,49.64,431,0.0,24.4
2016-09-12,49.28,428,0.0,24.1
2016-09-13,49.08,426,0.0,23.7
2016-09-14,48.74,423,0.0,22.5
2016-09-15,48.54,422,0.0,23.2
2016-09-16,48.21,419,0.0,22.8
2016-09-17,47.89,416,0.0,22.8
2016-09-18,47.69,414,0.0,25.7
2016-09-19,47.27,411,0.0,26.2
2016-09-20,47.03,409,3.0,22.8
2016-09-21,46.92,408,10.4,16.9
2016-09-22,46.67,405,1.5,16.8
2016-09-23,46.77,406,0.5,16.3
2016-09-24,46.6,405,1.0,16.8
2016-09-25,46.11,401,0.0,17.9
2016-09-26,46.07,400,0.5,18.0
2016-09-27,45.96,399,0.0,17.6
2016-09-28,45.97,399,0.0,18.5
2016-09-29,45.76,398,0.0,18.4
2016-09-30,45.48,395,0.0,20.2
2016-10-01,45.3,393,0.0,21.8
2016-10-02,45.05,391,0.0,20.4
2016-10-03,44.76,389,0.0,20.9
2016-10-04,44.52,387,0.0,21.2
2016-10-05,44.32,385,0.0,16.9
2016-10-06,44.08,383,19.1,18.0
2016-10-07,43.77,380,0.0,18.9
2016-10-08,43.53,378,0.5,19.2
2016-10-09,43.32,376,0.5,17.4
2016-10-10,43.09,374,0.0,18.7
2016-10-11,42.8,372,1.0,20.2
2016-10-12,42.6,370,0.0,22.3
2016-10-13,42.4,368,7.6,18.1
2016-10-14,42.13,366,0.0,16.0
2016-10-15,41.88,364,0.0,15.9
2016-10-16,41.62,362,0.0,17.4
2016-10-17,41.35,359,0.8,14.7
2016-10-18,41.14,357,3.0,12.3
2016-10-19,40.88,355,0.0,13.3
2016-10-20,40.66,353,0.0,14.6
2016-10-21,40.43,351,0.0,16.4
2016-10-22,40.2,349,0.0,16.9
2016-10-23,39.98,347,1.3,17.9
2016-10-24,39.76,345,0.0,16.4
2016-10-25,39.52,343,0.0,15.0
2016-10-26,39.25,341,0.0,14.6
2016-10-27,38.98,339,0.0,13.9
2016-10-28,38.75,337,1.8,13.0
2016-10-29,38.56,335,0.5,12.8
2016-10-30,38.42,334,0.0,12.8
2016-10-31,38.25,332,0.0,11.5
2016-11-01,38.04,330,0.0,9.4
2016-11-02,37.82,329,0.0,11.1
2016-11-03,37.67,327,0.0,15.7
2016-11-04,37.61,327,4.6,13.3
2016-11-05,37.5,326,0.0,14.1
2016-11-06,37.31,324,0.3,17.1
2016-11-07,37.02,322,0.0,19.6
2016-11-08,36.91,321,0.0,21.0
2016-11-09,36.7,319,0.0,19.5
2016-11-10,36.48,317,3.0,16.0
2016-11-11,36.38,316,1.0,15.8
2016-11-12,36.4,316,3.3,16.1
2016-11-13,36.29,315,16.3,15.7
2016-11-14,36.26,315,0.0,9.6
2016-11-15,36.05,313,0.0,8.1
2016-11-16,35.86,312,0.0,7.3
2016-11-17,35.76,311,0.0,7.9
2016-11-18,35.62,309,0.0,10.4
2016-11-19,35.49,308,0.0,11.7
2016-11-20,35.36,307,0.0,11.6
2016-11-21,35.27,306,0.0,11.2
2016-11-22,35.17,305,0.0,11.9
2016-11-23,34.98,304,0.0,11.9
2016-11-24,34.72,302,0.0,11.5
2016-11-25,34.53,300,0.0,9.6
2016-11-26,34.3,298,0.0,9.9
2016-11-27,34.02,296,0.8,12.3
2016-11-28,33.94,295,4.1,11.4
2016-11-29,35.04,304,63.8,7.9
2016-11-30,36.37,316,13.7,5.1
2016-12-01,37.01,322,16.5,4.9
2016-12-02,37.11,322,0.0,8.3
2016-12-03,37.33,324,0.5,7.8
2016-12-04,37.3,324,0.0,6.3
2016-12-05,37.29,324,0.0,6.2
2016-12-06,37.25,324,0.0,6.9
2016-12-07,37.25,324,0.5,7.1
2016-12-08,37.3,324,0.0,5.6
2016-12-09,37.32,324,0.0,8.9
2016-12-10,37.27,324,0.0,9.5
2016-12-11,37.2,323,0.0,9.3
2016-12-12,37.14,323,5.1,11.1
2016-12-13,37.2,323,12.4,4.7
2016-12-14,37.45,325,4.3,3.5
2016-12-15,37.63,327,0.0,4.6
2016-12-16,37.92,329,4.8,3.6
2016-12-17,38.17,332,9.4,3.2
2016-12-18,38.37,333,0.0,3.4
2016-12-19,38.51,335,0.0,3.1
2016-12-20,38.63,336,2.0,3.4
2016-12-21,38.85,338,8.6,4.1
2016-12-22,39.46,343,8.4,5.1
2016-12-23,40.5,352,14.5,6.7
2016-12-24,41.28,359,8.9,6.2
2016-12-25,42.09,366,1.3,5.9
2016-12-26,42.64,370,1.5,4.7
2016-12-27,42.96,373,1.0,6.1
2016-12-28,43.23,376,2.8,5.1
2016-12-29,43.65,379,23.9,3.6
2016-12-30,48.2,419,65.5,3.1
2016-12-31,51.08,444,18.8,2.5
2017-01-01,52.42,455,13.2,3.7
2017-01-02,53.13,461,0.3,4.7
2017-01-03,53.35,463,0.0,6.8
2017-01-04,53.5,465,0.0,7.7
2017-01-05,53.75,467,5.1,9.3
2017-01-06,55.55,483,18.0,6.2
2017-01-07,58.13,505,11.9,-3.1
2017-01-08,58.82,511,2.3,-1.9
2017-01-09,59.25,515,1.5,-1.0
2017-01-10,59.53,517,21.6,2.2
2017-01-11,59.86,520,1.0,7.4
2017-01-12,60.87,529,14.0,5.3
2017-01-13,64.06,556,5.6,6.9
2017-01-14,65.01,565,0.0,10.1
2017-01-15,67.82,589,7.6,5.2
2017-01-16,71.55,622,5.8,5.3
2017-01-17,74.52,647,9.4,7.9
2017-01-18,76.84,667,2.8,7.3
2017-01-19,79.73,693,2.8,6.7
2017-01-20,82.01,712,4.8,4.2
2017-01-21,83.75,727,0.8,3.7
2017-01-22,83.9,729,0.0,3.0
2017-01-23,83.94,729,0.0,5.1
2017-01-24,84.26,732,0.0,5.3
2017-01-25,84.48,734,0.5,4.0
2017-01-26,84.56,735,1.8,1.6
2017-01-27,84.63,735,3.6,0.7
2017-01-28,84.77,736,0.0,2.2
2017-01-29,84.83,737,0.8,3.6
2017-01-30,84.91,738,0.0,3.0
2017-01-31,84.86,737,0.0,1.7
2017-02-01,84.88,737,0.0,1.7
2017-02-02,84.84,737,0.0,4.4
2017-02-03,84.85,737,0.0,8.8
2017-02-04,84.96,738,0.0,12.1
2017-02-05,85.13,740,1.0,11.7
2017-02-06,85.48,743,4.8,12.7
2017-02-07,85.58,743,0.0,13.0
2017-02-08,85.75,745,0.0,9.4
2017-02-09,85.77,745,0.0,7.2
2017-02-10,85.73,745,0.8,5.1
2017-02-11,85.73,745,0.0,4.4
2017-02-12,85.8,745,0.5,3.6
2017-02-13,85.82,746,1.5,2.6
2017-02-14,85.84,746,1.5,1.3
2017-02-15,85.78,745,0.0,3.2
2017-02-16,85.76,745,0.3,4.1
2017-02-17,85.7,744,0.0,3.7
2017-02-18,85.65,744,0.0,7.1
2017-02-19,85.59,744,1.3,11.2
2017-02-20,85.84,746,5.6,7.3
2017-02-21,86.81,754,18.3,7.6
2017-02-22,87.04,756,0.0,9.7
2017-02-23,87.28,758,0.0,12.4
2017-02-24,87.39,759,0.0,13.6
2017-02-25,87.5,760,1.0,11.8
2017-02-26,87.73,762,3.0,8.1
2017-02-27,87.91,764,0.0,7.7
2017-02-28,88.0,764,0.0,6.1
2017-03-01,87.99,764,0.0,7.7
2017-03-02,87.99,764,0.0,10.1
2017-03-03,88.02,765,0.0,9.9
2017-03-04,88.01,765,0.0,10.9
2017-03-05,87.94,764,0.0,12.8
2017-03-06,87.95,764,0.0,14.4
2017-03-07,87.91,764,0.0,15.2
2017-03-08,87.91,764,0.0,14.3
2017-03-09,87.78,763,1.0,10.0
2017-03-10,87.65,761,0.0,10.1
2017-03-11,87.65,761,0.0,8.6
2017-03-12,87.54,760,2.3,7.8
2017-03-13,87.65,761,13.0,6.5
2017-03-14,87.74,762,2.5,5.6
2017-03-15,88.26,767,16.3,8.6
2017-03-16,88.59,770,1.5,6.7
2017-03-17,88.74,771,5.6,5.5
2017-03-18,89.27,775,9.9,7.9
2017-03-19,89.46,777,0.0,11.1
2017-03-20,89.64,779,1.8,10.7
2017-03-21,89.65,779,0.0,13.9
2017-03-22,89.65,779,0.0,12.6
2017-03-23,89.63,779,0.0,9.5
2017-03-24,89.56,778,0.0,9.1
2017-03-25,89.48,777,0.0,8.6
2017-03-26,89.41,777,0.5,9.5
2017-03-27,89.38,776,1.0,7.7
2017-03-28,89.32,776,0.0,9.7
2017-03-29,89.2,775,0.0,12.7
2017-03-30,89.2,775,0.0,13.2
2017-03-31,89.04,773,0.0,9.6
2017-04-01,88.89,772,0.0,9.1
2017-04-02,88.79,771,0.0,9.8
2017-04-03,88.74,771,0.0,11.7
2017-04-04,88.57,769,0.0,12.1
2017-04-05,88.48,769,0.0,13.9
2017-04-06,88.33,767,1.0,12.7
2017-04-07,88.28,767,0.8,10.7
2017-04-08,88.13,766,5.3,10.2
2017-04-09,88.02,765,0.0,10.1
2017-04-10,87.94,764,0.3,10.3
2017-04-11,87.7,762,0.0,12.3
2017-04-12,87.57,761,0.0,11.8
2017-04-13,87.46,760,0.0,12.0
2017-04-14,87.42,759,0.0,13.8
2017-04-15,87.38,759,0.0,17.5
2017-04-16,87.24,758,0.0,18.2
2017-04-17,87.12,757,1.0,15.2
2017-04-18,87.42,759,8.4,8.8
2017-04-19,87.48,760,3.3,14.6
2017-04-20,87.5,760,0.0,13.7
2017-04-21,87.72,762,4.1,9.9
2017-04-22,87.72,762,0.0,9.7
2017-04-23,87.68,762,3.0,10.8
2017-04-24,87.62,761,3.8,10.4
2017-04-25,87.53,760,0.0,12.8
2017-04-26,87.44,760,0.0,14.4
2017-04-27,87.36,759,0.0,16.8
2017-04-28,87.3,758,0.0,17.9
2017-04-29,87.11,757,0.0,20.5
2017-04-30,86.87,755,0.0,18.6
2017-05-01,86.58,752,0.0,15.1
2017-05-02,86.46,751,0.0,15.7
2017-05-03,86.22,749,0.0,17.7
2017-05-04,86.2,749,0.0,18.2
2017-05-05,85.96,747,0.0,18.5
2017-05-06,85.83,746,6.1,15.9
2017-05-07,85.87,746,0.0,17.8
2017-05-08,85.91,746,10.9,17.6
2017-05-09,85.82,745,1.0,18.8
2017-05-10,85.75,745,3.6,15.4
2017-05-11,85.6,744,0.3,16.4
2017-05-12,85.54,743,0.0,19.6
2017-05-13,85.47,742,0.0,23.2
2017-05-14,85.26,741,0.3,21.7
2017-05-15,85.11,739,0.0,17.6
2017-05-16,84.88,737,0.0,17.6
2017-05-17,84.68,736,0.0,16.8
2017-05-18,84.4,733,0.8,17.0
2017-05-19,84.11,731,0.0,16.0
2017-05-20,83.97,729,0.0,15.9
2017-05-21,83.7,727,1.0,15.4
2017-05-22,83.54,726,5.8,16.6
2017-05-23,83.43,725,1.8,17.7
2017-05-24,83.14,722,0.0,17.4
2017-05-25,82.9,720,0.0,19.7
2017-05-26,82.71,718,1.5,19.6
2017-05-27,82.57,717,0.0,18.2
2017-05-28,82.35,715,0.0,18.9
2017-05-29,82.15,714,0.0,20.1
2017-05-30,81.95,712,3.3,17.2
2017-05-31,81.85,711,0.0,20.8
2017-06-01,81.69,710,0.0,22.3
2017-06-02,81.52,708,0.0,23.3
2017-06-03,81.35,707,0.0,24.7
2017-06-04,81.22,706,0.0,22.6
2017-06-05,81.03,704,0.0,21.7
2017-06-06,80.81,702,0.0,21.3
2017-06-07,80.65,701,0.0,23.2
2017-06-08,80.48,699,0.3,23.9
2017-06-09,80.37,698,29.5,19.3
2017-06-10,80.33,698,8.4,17.9
2017-06-11,80.4,698,0.3,21.9
2017-06-12,80.16,696,0.0,21.9
2017-06-13,80.01,695,0.0,22.4
2017-06-14,79.84,694,0.0,22.7
2017-06-15,79.66,692,0.0,22.4
2017-06-16,79.53,691,0.3,23.0
2017-06-17,79.32,689,0.0,21.8
2017-06-18,79.18,688,0.3,19.9
2017-06-19,79.15,688,6.4,18.4
2017-06-20,79.34,689,3.8,21.1
2017-06-21,79.35,689,0.0,22.3
2017-06-22,79.31,689,0.0,24.3
2017-06-23,79.22,688,0.0,25.3
2017-06-24,79.03,687,0.0,26.4
2017-06-25,78.89,685,0.0,26.8
2017-06-26,78.71,684,0.0,25.4
2017-06-27,78.53,682,0.0,25.4
2017-06-28,78.34,681,0.0,27.2
2017-06-29,78.13,679,0.0,29.2
2017-06-30,77.86,676,0.0,30.7
2017-07-01,77.63,674,0.0,30.2
2017-07-02,77.38,672,0.0,28.4
2017-07-03,77.12,670,0.0,28.4
2017-07-04,76.8,667,0.0,23.0
2017-07-05,76.56,665,0.0,23.8
2017-07-06,76.28,663,0.0,23.7
2017-07-07,76.03,660,0.0,23.4
2017-07-08,75.75,658,0.0,23.8
2017-07-09,75.52,656,0.0,25.8
2017-07-10,75.3,654,0.0,26.6
2017-07-11,75.03,652,0.0,25.4
2017-07-12,74.83,650,0.0,25.4
2017-07-13,74.54,648,0.0,26.8
2017-07-14,74.34,646,0.0,25.6
2017-07-15,73.99,643,0.0,24.6
2017-07-16,73.67,640,0.0,24.7
2017-07-17,73.31,637,0.0,24.3
2017-07-18,73.12,635,11.9,22.5
2017-07-19,74.06,643,16.3,24.9
2017-07-20,73.89,642,0.0,24.8
2017-07-21,73.7,640,0.0,25.1
2017-07-22,73.58,639,0.0,26.2
2017-07-23,73.31,637,0.0,26.6
2017-07-24,72.97,634,0.0,27.6
2017-07-25,72.72,632,0.0,28.2
2017-07-26,72.42,629,0.0,29.2
2017-07-27,72.08,626,0.0,26.6
2017-07-28,71.88,624,0.0,23.4
2017-07-29,71.73,623,0.0,25.1
2017-07-30,71.42,620,0.0,26.1
2017-07-31,71.17,618,0.0,25.1
2017-08-01,70.67,614,0.0,25.4
2017-08-02,70.38,611,0.0,26.4
2017-08-03,70.09,609,6.6,27.4
2017-08-04,69.78,606,0.0,27.7
2017-08-05,69.49,604,0.0,28.1
2017-08-06,69.21,601,0.0,28.2
2017-08-07,68.91,599,0.0,28.0
2017-08-08,68.59,596,0.0,27.3
2017-08-09,68.33,594,0.0,27.1
2017-08-10,67.95,590,0.0,26.9
2017-08-11,67.69,588,0.0,27.7
2017-08-12,67.32,585,0.0,27.4
2017-08-13,67.16,583,0.0,26.3
2017-08-14,66.82,580,0.0,25.9
2017-08-15,66.35,576,0.0,24.6
2017-08-16,66.06,574,0.3,24.4
2017-08-17,66.21,575,22.1,25.3
2017-08-18,65.92,573,1.0,26.1
2017-08-19,65.63,570,0.0,25.9
2017-08-20,65.48,569,0.0,25.9
2017-08-21,65.36,568,0.0,25.8
2017-08-22,65.06,565,9.7,21.6
2017-08-23,64.7,562,7.9,22.3
2017-08-24,64.47,560,0.0,23.7
2017-08-25,64.27,558,0.0,23.5
2017-08-26,63.96,556,0.0,23.9
2017-08-27,63.59,552,0.0,24.6
2017-08-28,63.36,550,0.0,25.7
2017-08-29,63.07,548,1.0,24.6
2017-08-30,62.89,546,0.0,22.5
2017-08-31,62.66,544,0.0,21.9
2017-09-01,62.38,542,0.0,21.8
2017-09-02,62.13,540,0.0,22.8
2017-09-03,61.78,537,0.0,23.5
2017-09-04,61.57,535,0.0,24.0
2017-09-05,61.25,532,0.0,22.9
2017-09-06,60.9,529,0.0,21.6
2017-09-07,60.65,527,0.0,22.7
2017-09-08,60.51,526,0.0,23.4
2017-09-09,60.22,523,0.0,24.1
2017-09-10,59.93,521,0.0,25.6
2017-09-11,59.67,518,0.0,25.0
2017-09-12,59.36,516,0.0,26.3
2017-09-13,58.95,512,0.0,25.6
2017-09-14,58.62,509,0.0,25.6
2017-09-15,58.29,506,0.0,25.4
2017-09-16,57.99,504,0.0,25.3
2017-09-17,57.65,501,0.0,24.3
2017-09-18,57.33,498,0.0,24.8
2017-09-19,56.94,495,0.0,25.2
2017-09-20,56.65,492,0.0,27.9
2017-09-21,56.29,489,0.0,24.1
2017-09-22,56.08,487,8.4,19.6
2017-09-23,55.72,484,4.1,18.9
2017-09-24,55.37,481,0.0,20.2
2017-09-25,55.04,478,0.0,22.6
2017-09-26,54.72,475,2.3,22.9
2017-09-27,54.69,475,0.5,21.3
2017-09-28,54.66,475,0.0,19.7
2017-09-29,54.64,475,0.0,17.2
2017-09-30,54.35,472,0.0,17.1
2017-10-01,55.65,483,15.0,15.7
2017-10-02,56.15,488,3.3,16.1
2017-10-03,56.13,488,0.0,16.3
2017-10-04,55.99,486,0.0,16.1
2017-10-05,55.69,484,0.0,16.3
2017-10-06,55.51,482,0.0,19.3
2017-10-07,55.27,480,0.0,20.4
2017-10-08,55.01,478,8.6,14.7
2017-10-09,54.77,476,1.0,15.4
2017-10-10,54.49,473,0.0,16.2
2017-10-11,54.23,471,0.0,16.2
2017-10-12,54.01,469,0.0,16.2
2017-10-13,53.71,467,0.0,15.6
2017-10-14,53.38,464,0.0,14.7
2017-10-15,53.17,462,0.0,15.3
2017-10-16,52.95,460,0.0,17.7
2017-10-17,52.66,457,0.0,17.3
2017-10-18,52.4,455,0.0,19.3
2017-10-19,52.14,453,0.0,17.8
2017-10-20,51.94,451,0.0,17.4
2017-10-21,51.69,449,0.0,16.8
2017-10-22,51.43,447,0.0,17.1
2017-10-23,51.14,444,0.0,18.6
2017-10-24,50.8,441,0.0,17.8
2017-10-25,50.67,440,0.0,16.6
2017-10-26,55.37,481,12.2,13.6
2017-10-27,56.23,488,0.5,13.9
2017-10-28,56.66,492,0.0,14.3
2017-10-29,56.68,492,9.4,13.6
2017-10-30,56.61,492,7.9,13.2
2017-10-31,56.56,491,0.0,9.9
2017-11-01,56.6,492,0.0,9.5
2017-11-02,56.52,491,0.0,9.9
2017-11-03,56.4,490,0.0,13.1
2017-11-04,56.36,490,2.3,13.1
2017-11-05,56.26,489,2.8,13.9
2017-11-06,56.21,488,0.0,13.6
2017-11-07,56.32,489,0.0,14.0
2017-11-08,56.3,489,0.0,14.9
2017-11-09,56.2,488,0.0,14.7
2017-11-10,55.96,486,0.0,13.5
2017-11-11,55.65,483,0.0,13.1
2017-11-12,55.36,481,0.5,16.1
2017-11-13,55.25,480,0.0,17.1
2017-11-14,54.98,478,0.0,16.0
2017-11-15,54.76,476,0.0,15.2
2017-11-16,54.51,474,0.0,14.4
2017-11-17,54.38,472,0.0,14.9
2017-11-18,54.19,471,0.0,14.9
2017-11-19,54.01,469,0.0,14.7
2017-11-20,54.16,470,15.5,9.9
2017-11-21,55.09,479,18.8,7.3
2017-11-22,55.36,481,0.0,10.6
2017-11-23,55.41,481,2.8,12.3
2017-11-24,55.35,481,0.0,12.1
2017-11-25,55.22,480,0.0,11.7
2017-11-26,55.09,479,0.0,13.2
2017-11-27,54.93,477,0.0,14.2
2017-11-28,54.79,476,3.8,11.7
2017-11-29,54.75,476,21.3,11.1
2017-11-30,54.62,474,0.5,14.6
2017-12-01,54.53,474,0.0,17.2
2017-12-02,54.56,474,0.0,17.4
2017-12-03,54.54,474,0.0,16.5
2017-12-04,54.48,473,1.0,12.7
2017-12-05,54.61,474,16.0,6.5
2017-12-06,54.71,475,3.0,7.0
2017-12-07,54.8,476,1.8,9.8
2017-12-08,54.93,477,0.0,11.8
2017-12-09,54.9,477,0.0,13.4
2017-12-10,54.81,476,0.0,11.7
2017-12-11,55.18,479,0.0,12.4
2017-12-12,55.18,479,0.0,14.4
2017-12-13,55.25,480,0.0,13.3
2017-12-14,55.25,480,0.0,14.7
2017-12-15,55.29,480,0.0,14.8
2017-12-16,55.3,480,0.0,16.5
2017-12-17,55.44,482,3.0,14.5
2017-12-18,55.89,485,5.1,8.1
2017-12-19,56.74,493,12.7,7.9
2017-12-20,57.71,501,3.3,6.0
2017-12-21,58.17,505,0.5,6.2
2017-12-22,58.56,509,2.3,5.5
2017-12-23,59.98,521,40.4,5.2
2017-12-24,61.66,536,2.8,6.6
2017-12-25,62.06,539,0.0,8.6
2017-12-26,62.28,541,0.0,9.6
2017-12-27,62.53,543,0.0,13.1
2017-12-28,62.69,545,0.0,13.4
2017-12-29,62.82,546,0.0,12.9
2017-12-30,63.13,548,0.0,10.3
2017-12-31,63.58,552,0.0,6.9
2018-01-01,63.9,555,1.0,8.7
2018-01-02,64.08,557,0.0,10.9
2018-01-03,64.27,558,5.1,10.9
2018-01-04,64.95,564,3.8,10.4
2018-01-05,65.31,567,0.0,8.0
2018-01-06,65.51,569,5.1,7.9
2018-01-07,65.63,570,0.0,10.5
2018-01-08,65.75,571,0.0,11.6
2018-01-09,65.92,573,0.0,10.6
2018-01-10,65.94,573,0.0,10.2
2018-01-11,66.09,574,0.0,10.6
2018-01-12,66.2,575,6.6,9.6
2018-01-13,66.26,576,8.6,7.3
2018-01-14,66.6,579,2.0,4.7
2018-01-15,67.07,583,0.8,5.7
2018-01-16,67.27,584,0.0,8.7
2018-01-17,67.5,586,1.3,12.7
2018-01-18,68.0,591,4.6,7.2
2018-01-19,68.57,596,7.6,7.7
2018-01-20,68.51,595,0.0,11.1
2018-01-21,69.01,599,7.1,9.0
2018-01-22,70.22,610,3.0,8.2
2018-01-23,71.28,619,4.8,5.0
2018-01-24,72.26,628,0.0,4.0
2018-01-25,72.91,633,1.3,3.8
2018-01-26,73.27,636,0.8,3.3
2018-01-27,73.39,638,0.0,4.6
2018-01-28,73.58,639,0.0,5.1
2018-01-29,73.65,640,0.0,5.7
2018-01-30,73.67,640,0.0,8.1
2018-01-31,73.71,640,0.0,8.4
2018-02-01,73.63,640,0.0,10.9
2018-02-02,73.6,639,0.0,13.4
2018-02-03,73.63,640,0.0,14.5
2018-02-04,73.63,640,0.0,12.8
2018-02-05,74.71,649,17.5,7.9
2018-02-06,75.21,653,0.0,8.2
2018-02-07,75.38,655,0.0,9.7
2018-02-08,75.35,655,0.3,11.7
2018-02-09,75.65,657,3.6,10.4
2018-02-10,75.73,658,0.0,9.3
2018-02-11,75.9,659,7.1,8.6
2018-02-12,77.82,676,19.1,5.7
2018-02-13,78.6,683,0.0,7.9
2018-02-14,78.96,686,1.0,10.8
2018-02-15,79.29,689,0.0,9.1
2018-02-16,79.4,690,0.0,7.5
2018-02-17,79.47,690,0.3,7.2
2018-02-18,79.51,691,0.0,8.0
2018-02-19,79.63,692,0.0,7.6
2018-02-20,79.68,692,0.0,8.1
2018-02-21,79.91,694,0.0,9.3
2018-02-22,79.88,694,0.0,10.3
2018-02-23,79.96,695,0.0,8.2
2018-02-24,80.12,696,0.0,7.2
2018-02-25,80.48,699,17.0,5.5
2018-02-26,81.21,705,2.8,6.8
2018-02-27,82.13,713,5.8,4.4
2018-02-28,82.54,717,15.0,4.1
2018-03-01,85.3,741,17.8,1.4
2018-03-02,85.65,744,0.0,10.1
2018-03-03,85.89,746,3.0,11.9
2018-03-04,86.66,753,11.7,10.7
2018-03-05,87.93,764,4.3,8.9
2018-03-06,88.33,767,5.8,12.6
2018-03-07,89.24,775,7.6,15.5
2018-03-08,89.42,777,1.3,11.4
2018-03-09,90.25,784,22.1,9.9
2018-03-10,90.67,788,0.0,9.2
2018-03-11,90.57,787,0.0,10.6
2018-03-12,90.5,786,0.0,13.9
2018-03-13,90.33,785,0.5,14.2
2018-03-14,90.26,784,1.0,13.8
2018-03-15,90.23,784,0.5,10.9
2018-03-16,90.27,784,4.3,12.9
2018-03-17,90.21,784,0.0,17.6
2018-03-18,90.15,783,0.0,17.3
2018-03-19,90.19,783,1.0,10.2
2018-03-20,89.85,780,1.0,13.0
2018-03-21,89.99,782,0.0,15.0
2018-03-22,89.91,781,0.5,7.8
2018-03-23,89.61,778,0.3,9.7
2018-03-24,89.51,778,1.8,7.3
2018-03-25,89.56,778,8.1,8.9
2018-03-26,89.57,778,2.0,14.9
2018-03-27,89.62,778,2.8,13.4
2018-03-28,90.04,782,2.5,10.2
2018-03-29,89.84,780,2.5,7.4
2018-03-30,90.32,785,0.3,10.2
2018-03-31,90.43,786,0.0,15.2
2018-04-01,90.4,785,0.0,17.0
2018-04-02,90.56,787,13.7,12.6
2018-04-03,90.99,790,0.0,12.8
2018-04-04,91.04,791,0.0,12.9
2018-04-05,91.15,792,0.0,15.1
2018-04-06,91.2,792,0.0,15.5
2018-04-07,91.35,794,0.0,12.2
2018-04-08,91.23,793,0.0,11.8
2018-04-09,91.27,793,0.0,13.1
2018-04-10,91.3,793,0.0,14.5
2018-04-11,91.3,793,0.0,15.7
2018-04-12,91.31,793,0.0,18.5
2018-04-13,91.38,794,0.0,17.1
2018-04-14,91.4,794,0.0,12.6
2018-04-15,91.18,792,0.0,14.7
2018-04-16,91.17,792,0.0,15.0
2018-04-17,91.02,791,0.0,14.3
2018-04-18,90.83,789,0.0,13.4
2018-04-19,90.75,788,0.0,15.4
2018-04-20,90.57,787,2.8,12.9
2018-04-21,90.49,786,2.3,13.9
2018-04-22,90.31,785,0.0,14.4
2018-04-23,90.06,782,0.0,17.6
2018-04-24,89.98,782,0.0,19.1
2018-04-25,89.73,779,0.0,20.0
2018-04-26,89.59,778,0.0,21.4
2018-04-27,89.37,776,0.0,21.7
2018-04-28,89.22,775,0.0,19.5
2018-04-29,88.93,773,0.0,17.3
2018-04-30,88.72,771,0.0,16.7
2018-05-01,88.58,769,0.0,15.8
2018-05-02,88.35,767,0.0,16.3
2018-05-03,88.16,766,0.0,18.7
2018-05-04,87.96,764,0.0,17.1
2018-05-05,87.85,763,0.0,16.2
2018-05-06,87.69,762,0.5,16.0
2018-05-07,87.65,761,14.5,16.0
2018-05-08,87.67,762,6.9,17.7
2018-05-09,87.68,762,8.4,17.6
2018-05-10,87.92,764,4.8,18.7
2018-05-11,88.13,766,0.0,18.2
2018-05-12,88.22,766,14.5,16.9
2018-05-13,88.22,766,0.0,15.9
2018-05-14,88.16,766,0.0,18.7
2018-05-15,88.1,765,0.0,22.4
2018-05-16,88.03,765,0.0,24.7
2018-05-17,87.87,763,0.0,24.1
2018-05-18,87.76,762,0.8,24.7
2018-05-19,87.64,761,0.0,23.3
2018-05-20,87.52,760,0.5,21.5
2018-05-21,87.42,759,0.0,20.7
2018-05-22,87.26,758,0.0,19.6
2018-05-23,87.16,757,0.0,20.4
2018-05-24,86.81,754,0.0,21.8
2018-05-25,86.54,752,1.0,21.3
2018-05-26,86.38,750,2.5,22.1
2018-05-27,86.53,752,7.4,20.3
2018-05-28,86.49,751,0.0,20.4
2018-05-29,86.34,750,0.0,19.9
2018-05-30,86.22,749,2.5,21.3
2018-05-31,86.06,748,0.0,21.3
2018-06-01,85.88,746,0.0,22.5
2018-06-02,85.7,744,0.0,21.2
2018-06-03,85.55,743,0.0,20.6
2018-06-04,85.37,742,0.0,22.1
2018-06-05,85.13,740,0.5,23.8
2018-06-06,85.02,739,0.0,25.8
2018-06-07,84.89,737,0.0,25.7
2018-06-08,84.75,736,0.0,24.5
2018-06-09,84.52,734,0.0,25.6
2018-06-10,84.22,732,0.0,24.2
2018-06-11,83.92,729,0.3,23.9
2018-06-12,83.68,727,0.0,23.7
2018-06-13,83.37,724,0.0,22.9
2018-06-14,83.13,722,0.0,24.1
2018-06-15,82.82,719,0.0,26.6
2018-06-16,82.59,717,7.1,24.7
2018-06-17,82.47,716,4.8,21.4
2018-06-18,82.37,716,0.5,22.9
2018-06-19,82.22,714,0.8,24.7
2018-06-20,81.97,712,0.0,25.1
2018-06-21,81.76,710,0.0,24.9
2018-06-22,81.47,708,0.0,24.3
2018-06-23,81.23,706,0.0,22.9
2018-06-24,80.98,703,0.0,21.9
2018-06-25,80.64,701,0.0,22.2
2018-06-26,80.4,698,0.0,24.4
2018-06-27,80.17,696,1.5,24.0
2018-06-28,80.52,699,20.6,23.0
2018-06-29,80.36,698,1.0,23.2
2018-06-30,80.23,697,0.0,24.9
2018-07-01,80.07,696,0.0,25.2
2018-07-02,79.82,693,0.0,26.1
2018-07-03,79.7,692,0.0,27.6
2018-07-04,79.47,690,0.0,27.9
2018-07-05,79.1,687,0.0,26.8
2018-07-06,78.78,684,0.0,25.6
2018-07-07,78.56,682,0.0,26.2
2018-07-08,78.18,679,0.0,26.1
2018-07-09,77.91,677,0.0,25.8
2018-07-10,77.59,674,0.0,26.6
2018-07-11,77.26,671,0.0,26.7
2018-07-12,76.84,668,0.0,26.9
2018-07-13,76.54,665,0.0,27.2
2018-07-14,76.24,662,0.0,25.9
2018-07-15,75.98,660,0.0,26.3
2018-07-16,75.64,657,0.0,25.8
2018-07-17,75.34,654,0.0,27.3
2018-07-18,75.03,652,0.0,25.5
2018-07-19,74.79,650,0.0,25.8
2018-07-20,74.5,647,0.0,25.4
2018-07-21,74.31,645,0.0,26.8
2018-07-22,74.03,643,0.0,26.9
2018-07-23,73.73,640,0.0,28.9
2018-07-24,73.62,640,38.6,22.8
2018-07-25,73.61,639,1.0,24.9
2018-07-26,73.55,639,0.0,26.1
2018-07-27,73.37,637,0.0,25.7
2018-07-28,73.38,637,0.0,25.8
2018-07-29,73.26,636,0.0,26.4
2018-07-30,73.03,634,0.0,27.2
2018-07-31,72.81,633,0.0,27.2
2018-08-01,72.57,630,0.0,27.9
2018-08-02,72.35,628,0.0,28.3
2018-08-03,72.1,626,0.0,27.9
2018-08-04,71.8,624,0.0,28.0
2018-08-05,71.52,621,0.0,27.9
2018-08-06,71.25,619,0.0,27.3
2018-08-07,70.98,617,0.0,27.8
2018-08-08,70.67,614,0.0,27.9
2018-08-09,70.36,611,0.0,27.8
2018-08-10,70.03,608,0.0,27.3
2018-08-11,69.61,605,0.0,25.7
2018-08-12,69.14,601,0.0,25.3
2018-08-13,68.71,597,0.0,25.2
2018-08-14,68.35,594,0.0,25.5
2018-08-15,67.96,590,0.0,26.6
2018-08-16,67.55,587,0.0,26.0
2018-08-17,67.21,584,1.0,25.7
2018-08-18,66.83,581,0.3,27.1
2018-08-19,66.46,577,0.3,27.9
2018-08-20,66.05,574,0.0,26.6
2018-08-21,65.71,571,0.0,25.9
2018-08-22,65.35,568,0.0,26.5
2018-08-23,64.96,564,0.0,27.0
2018-08-24,64.62,561,0.0,26.6
2018-08-25,64.27,558,0.0,27.1
2018-08-26,63.91,555,0.0,26.1
2018-08-27,63.52,552,0.0,26.5
2018-08-28,63.24,549,0.0,27.6
2018-08-29,62.84,546,0.0,26.9
2018-08-30,62.46,543,0.0,26.2
2018-08-31,62.12,540,0.0,27.2
2018-09-01,61.71,536,0.0,27.6
2018-09-02,61.31,533,0.0,27.5
2018-09-03,60.92,529,0.0,27.1
2018-09-04,60.52,526,0.0,25.9
2018-09-05,60.12,522,0.0,25.6
2018-09-06,59.83,520,0.8,21.8
2018-09-07,59.5,517,26.7,23.4
2018-09-08,59.22,514,0.0,24.0
2018-09-09,58.96,512,0.0,23.1
2018-09-10,58.71,510,0.0,22.2
2018-09-11,58.38,507,0.0,20.2
2018-09-12,58.26,506,2.3,21.3
2018-09-13,58.13,505,0.0,22.9
2018-09-14,58.29,506,36.3,20.1
2018-09-15,58.55,509,19.8,23.3
2018-09-16,58.39,507,0.0,24.2
2018-09-18,57.97,504,0.0,21.7
2018-09-19,57.69,501,0.0,21.8
2018-09-20,57.37,498,0.0,22.6
2018-09-21,57.06,496,0.0,23.3
2018-09-22,56.77,493,0.0,22.6
2018-09-23,56.48,491,0.0,21.9
2018-09-24,56.2,488,0.0,21.7
2018-09-25,55.95,486,0.0,15.8
2018-09-26,55.65,483,1.0,14.7
2018-09-27,55.37,481,2.3,16.3
2018-09-28,55.2,479,0.3,18.7
2018-09-29,55.09,479,0.0,20.7
2018-09-30,54.93,477,0.0,19.9
2018-10-01,55.48,482,8.4,21.7
2018-10-02,55.41,481,1.0,19.9
2018-10-03,55.45,482,0.0,20.3
2018-10-04,55.18,479,0.0,17.7
2018-10-05,55.05,478,0.0,17.8
2018-10-06,54.77,476,0.0,17.9
2018-10-07,54.48,473,0.0,18.4
2018-10-08,54.19,471,0.0,18.1
2018-10-09,53.92,468,0.0,17.9
2018-10-10,53.6,466,0.0,18.1
2018-10-11,53.41,464,0.0,17.2
2018-10-12,53.47,464,0.0,19.1
2018-10-13,53.55,465,0.0,18.7
2018-10-14,54.12,470,0.0,18.9
2018-10-15,53.95,469,0.0,18.7
2018-10-16,53.81,467,0.0,19.2
2018-10-17,53.63,466,0.3,18.9
2018-10-18,53.44,464,6.6,19.7
2018-10-19,53.27,463,0.0,19.2
2018-10-20,52.98,460,0.0,18.7
2018-10-21,52.76,458,11.9,16.7
2018-10-22,52.56,457,3.8,17.2
2018-10-23,52.42,455,0.0,17.4
2018-10-24,52.14,453,0.0,17.5
2018-10-25,51.86,451,6.1,10.9
2018-10-26,51.67,449,0.3,14.3
2018-10-27,51.44,447,0.0,16.3
2018-10-28,51.23,445,0.0,17.3
2018-10-29,50.97,443,0.0,17.2
2018-10-30,50.76,441,0.0,16.1
2018-10-31,50.47,438,0.0,16.8
2018-11-01,50.26,437,0.0,17.2
2018-11-02,49.98,434,0.0,17.5
2018-11-03,49.74,432,0.0,17.4
2018-11-04,49.56,431,0.0,17.7
2018-11-05,49.23,428,0.0,16.7
2018-11-06,49.0,426,0.0,15.8
2018-11-07,48.76,424,0.0,15.7
2018-11-08,48.55,422,0.0,15.0
2018-11-09,48.25,419,0.0,15.2
2018-11-10,48.02,417,0.0,15.1
2018-11-11,47.8,415,0.0,14.7
2018-11-12,47.61,414,0.0,15.0
2018-11-13,47.34,411,0.0,12.3
2018-11-14,47.12,409,0.0,11.0
2018-11-15,46.94,408,0.5,9.7
2018-11-16,47.25,410,18.0,9.2
2018-11-17,47.57,413,5.8,10.7
2018-11-18,47.6,413,0.0,12.1
2018-11-19,47.67,414,2.0,14.7
2018-11-20,48.39,420,25.7,11.9
2018-11-21,48.61,422,0.3,14.4
2018-11-22,48.64,423,0.0,11.9
2018-11-23,49.35,429,0.5,10.4
2018-11-24,49.49,430,0.0,10.2
2018-11-25,49.49,430,0.0,10.2
2018-11-26,49.48,430,0.0,12.7
2018-11-27,49.64,431,0.0,16.6
2018-11-28,49.93,434,4.6,12.4
2018-11-29,52.75,458,26.7,7.7
2018-11-30,55.06,478,5.8,6.4
2018-12-01,56.57,491,6.1,5.6
2018-12-02,57.19,497,0.0,9.0
2018-12-03,57.43,499,0.0,10.9
2018-12-04,57.66,501,0.0,11.8
2018-12-05,57.89,503,7.1,10.3
2018-12-06,59.97,521,21.6,6.6
2018-12-07,61.49,534,3.3,5.0
2018-12-08,61.76,537,0.0,6.5
2018-12-09,61.93,538,0.0,10.8
2018-12-10,62.13,540,5.1,10.6
2018-12-11,64.2,558,36.3,7.2
2018-12-12,67.55,587,0.8,5.6
2018-12-13,68.51,595,3.6,7.1
2018-12-14,68.97,599,0.0,9.0
2018-12-15,69.16,601,0.0,13.0
2018-12-16,69.26,602,0.0,13.9
2018-12-17,69.18,601,1.3,10.7
2018-12-18,69.2,601,0.3,9.7
2018-12-19,72.06,626,24.4,4.4
2018-12-20,76.42,664,2.8,4.4
2018-12-21,77.29,671,0.0,7.4
2018-12-22,77.64,674,0.0,9.6
2018-12-23,77.73,675,0.0,10.8
2018-12-24,77.86,676,0.0,11.3
2018-12-25,78.34,681,20.8,5.2
2018-12-26,80.41,699,6.6,3.3
2018-12-27,80.89,703,1.8,4.2
2018-12-28,81.05,704,0.0,6.0
2018-12-29,81.13,705,0.0,6.5
2018-12-30,81.41,707,0.0,5.6
2018-12-31,81.76,710,0.0,6.0
2019-01-01,81.76,710,0.0,6.0
2019-01-02,81.78,710,0.0,6.1
2019-01-03,81.87,711,1.5,5.4
2019-01-04,83.25,723,15.7,3.9
2019-01-05,85.58,743,1.5,3.3
2019-01-06,86.86,755,3.8,3.3
2019-01-07,87.15,757,1.5,2.0
2019-01-08,87.29,758,2.3,0.6
2019-01-09,87.12,757,0.0,4.3
2019-01-10,86.92,755,0.0,11.4
2019-01-11,87.72,762,2.0,8.9
2019-01-12,90.13,783,21.1,4.5
2019-01-13,90.6,787,4.8,3.9
2019-01-14,90.54,787,0.0,6.7
2019-01-15,90.46,786,4.8,4.3
2019-01-16,90.65,787,7.6,4.5
2019-01-17,90.89,790,0.0,7.4
2019-01-18,90.97,790,0.0,8.6
2019-01-19,90.98,790,0.0,10.0
2019-01-20,90.85,789,0.0,10.9
2019-01-21,91.01,791,0.0,8.3
2019-01-22,90.96,790,0.0,7.5
2019-01-23,90.82,789,0.0,10.2
2019-01-24,90.76,788,0.0,12.7
2019-01-25,90.63,787,0.0,12.7
2019-01-26,90.64,787,0.0,11.7
2019-01-27,90.69,788,1.5,6.9
2019-01-28,90.68,788,1.0,8.9
2019-01-29,90.53,786,0.0,13.5
2019-01-30,90.46,786,0.0,14.1
2019-01-31,90.35,785,0.0,11.6
2019-02-01,90.38,785,9.1,8.9
2019-02-02,90.4,785,0.3,10.6
2019-02-03,90.25,784,0.0,13.1
2019-02-04,90.12,783,0.0,13.6
2019-02-05,89.96,781,0.0,9.8
2019-02-06,89.69,779,1.5,8.4
2019-02-07,89.74,780,1.0,6.7
2019-02-08,89.88,781,2.8,6.8
2019-02-09,90.4,785,0.3,5.9
2019-02-10,90.49,786,0.0,5.8
2019-02-11,90.37,785,0.0,9.6
2019-02-12,90.32,785,0.0,11.8
2019-02-13,90.35,785,11.4,5.8
2019-02-14,91.38,794,12.2,5.8
2019-02-15,91.58,796,1.0,5.9
2019-02-16,91.68,796,1.3,6.2
2019-02-17,91.62,796,0.0,6.8
2019-02-18,91.59,796,0.0,6.8
2019-02-19,91.54,795,0.0,8.5
2019-02-20,91.54,795,0.0,6.2
2019-02-21,91.46,794,0.0,7.2
2019-02-22,91.37,794,0.0,7.5
2019-02-23,91.28,793,5.6,2.8
2019-02-24,91.33,793,6.6,2.1
2019-02-25,91.5,795,3.6,5.2
2019-02-26,92.09,800,0.0,6.4
2019-02-27,92.48,803,1.8,4.8
2019-02-28,92.67,805,7.6,6.8
2019-03-01,92.93,807,0.0,11.1
2019-03-02,93.06,808,0.0,9.6
2019-03-03,93.2,810,0.0,6.3
2019-03-04,93.23,810,0.0,5.3
2019-03-05,93.19,810,0.0,9.3
2019-03-06,93.15,809,0.0,12.1
2019-03-07,93.29,810,0.0,12.1
2019-03-08,93.28,810,0.0,14.7
2019-03-09,93.28,810,0.0,13.4
2019-03-10,93.31,811,0.0,13.3
2019-03-11,93.3,810,0.0,15.3
2019-03-12,93.3,810,0.0,11.1
2019-03-13,93.91,816,14.5,6.8
2019-03-14,93.97,816,0.3,7.8
2019-03-15,93.93,816,0.0,7.9
2019-03-16,93.96,816,0.0,9.8
2019-03-17,94.04,817,0.0,12.7
2019-03-18,94.08,817,0.0,16.0
2019-03-19,94.09,817,0.0,14.9
2019-03-20,94.09,817,0.0,10.6
2019-03-21,94.1,817,0.0,9.2
2019-03-22,94.1,817,0.0,9.7
2019-03-23,94.11,818,0.0,9.8
2019-03-24,94.11,817,0.0,8.1
2019-03-25,94.07,817,0.0,8.8
2019-03-26,94.14,818,0.0,10.8
2019-03-27,94.14,818,0.0,9.7
2019-03-28,94.06,817,0.0,8.8
2019-03-29,94.06,817,0.0,7.6
2019-03-30,93.91,816,0.0,8.5
2019-03-31,93.78,815,0.0,8.8
2019-04-01,93.7,814,0.0,9.6
2019-04-02,93.64,813,0.0,9.3
2019-04-03,93.51,812,0.0,10.1
2019-04-04,93.37,811,0.0,10.2
2019-04-05,93.22,810,0.0,11.6
2019-04-06,93.15,809,0.0,11.2
2019-04-07,92.98,808,0.0,13.4
2019-04-08,92.95,807,1.8,16.4
2019-04-09,92.86,807,1.0,14.4
2019-04-10,92.77,806,3.6,12.8
2019-04-11,92.77,806,1.8,13.7
2019-04-12,92.73,805,4.6,14.7
2019-04-13,92.7,805,1.0,14.4
2019-04-14,92.82,806,4.8,13.5
2019-04-15,92.93,807,0.0,10.3
2019-04-16,92.93,807,0.0,10.5
2019-04-17,92.84,806,0.0,10.8
2019-04-18,92.77,806,0.0,10.3
2019-04-19,92.72,805,0.8,10.1
2019-04-20,92.6,804,0.3,8.3
2019-04-21,92.52,804,0.5,10.4
2019-04-22,92.26,801,0.0,10.8
2019-04-23,92.13,800,0.0,13.2
2019-04-24,92.04,800,0.0,16.5
2019-04-25,91.85,798,0.0,17.7
2019-04-26,91.72,797,0.0,15.4
2019-04-27,91.62,796,0.0,16.1
2019-04-28,91.56,795,0.0,18.7
2019-04-29,91.38,794,0.0,20.7
2019-04-30,91.23,792,0.0,20.1
2019-05-01,91.07,791,0.0,18.1
2019-05-02,90.95,790,2.0,15.3
2019-05-03,90.75,788,1.5,16.7
2019-05-04,90.56,787,0.0,19.2
2019-05-05,90.43,786,0.0,20.1
2019-05-06,90.2,784,0.5,21.1
2019-05-07,89.92,781,0.0,15.6
2019-05-08,90.02,782,0.0,13.3
2019-05-09,89.94,781,0.0,15.1
2019-05-10,89.82,780,0.3,15.4
2019-05-11,89.7,779,3.6,16.4
2019-05-12,89.73,779,0.0,18.5
2019-05-13,89.61,778,0.0,18.2
2019-05-14,89.46,777,0.0,19.3
2019-05-15,89.23,775,0.0,21.4
2019-05-16,89.06,774,0.0,21.6
2019-05-17,88.86,772,0.0,18.6
2019-05-18,88.67,770,0.0,18.3
2019-05-19,88.59,770,0.0,22.0
2019-05-20,88.4,768,0.0,23.1
2019-05-21,88.18,766,0.0,23.3
2019-05-22,87.98,764,0.0,22.8
2019-05-23,87.73,762,0.0,22.5
2019-05-24,87.76,762,22.4,18.8
2019-05-25,87.81,763,4.8,19.6
2019-05-26,87.73,762,0.3,21.4
2019-05-27,87.45,760,0.0,23.6
2019-05-28,87.28,758,0.0,26.2
2019-05-29,87.06,756,0.0,25.0
2019-05-30,86.78,754,0.0,24.0
2019-05-31,86.67,753,0.0,24.8
2019-06-01,86.27,749,0.0,23.3
2019-06-02,86.02,747,0.0,22.3
2019-06-03,85.83,746,0.0,23.5
2019-06-04,85.61,744,0.3,22.7
2019-06-05,85.32,741,0.0,23.0
2019-06-06,85.09,739,0.0,23.5
2019-06-07,84.94,738,0.0,24.4
2019-06-08,84.71,736,0.0,25.1
2019-06-09,84.48,734,0.0,24.8
2019-06-10,84.18,731,0.0,24.4
2019-06-11,83.9,729,0.0,23.9
2019-06-12,83.65,727,0.0,22.6
2019-06-13,83.24,723,0.0,24.9
2019-06-14,83.17,723,0.0,25.0
2019-06-15,83.0,721,0.0,24.9
2019-06-16,82.96,721,0.0,25.9
2019-06-17,82.77,719,0.0,26.6
2019-06-18,82.49,717,0.0,26.8
2019-06-19,82.1,713,0.3,24.7
2019-06-20,81.92,712,0.0,23.3
2019-06-21,81.73,710,0.3,23.8
2019-06-22,81.47,708,0.0,26.4
2019-06-23,81.18,705,0.0,26.9
2019-06-24,80.79,702,0.0,27.6
2019-06-25,80.48,699,0.0,27.6
2019-06-26,80.18,696,0.0,27.7
2019-06-27,79.76,693,0.0,27.6
2019-06-28,79.33,689,0.0,25.7
2019-06-29,78.92,686,0.0,24.3
2019-06-30,78.44,681,0.0,22.8
2019-07-01,78.08,678,0.0,23.8
2019-07-02,77.61,674,0.0,25.6
2019-07-03,77.2,671,0.0,26.2
2019-07-04,76.78,667,0.0,27.1
2019-07-05,76.32,663,0.0,26.6
2019-07-06,76.01,660,0.0,25.2
2019-07-07,75.77,658,0.0,26.4
2019-07-08,75.32,654,0.0,26.7
2019-07-09,75.07,652,0.0,27.9
2019-07-10,74.75,649,0.0,25.1
2019-07-11,74.48,647,1.0,20.8
2019-07-12,74.36,646,5.1,21.6
2019-07-13,74.15,644,0.5,22.7
2019-07-14,73.92,642,0.0,20.9
2019-07-15,73.85,642,2.8,20.4
2019-07-16,73.78,641,0.5,22.9
2019-07-17,73.43,638,0.0,23.4
2019-07-18,73.09,635,0.3,24.8
2019-07-19,72.62,631,0.0,25.2
2019-07-20,72.12,626,0.0,25.7
2019-07-21,71.63,622,0.0,25.8
2019-07-22,71.17,618,0.0,26.2
2019-07-23,70.62,613,0.0,26.6
2019-07-24,70.39,611,0.0,23.1
2019-07-25,70.35,611,0.0,23.9
2019-07-26,70.12,609,0.0,25.1
2019-07-27,69.74,606,0.0,25.6
2019-07-28,69.36,602,0.0,26.2
2019-07-29,69.01,599,0.0,26.2
2019-07-30,68.68,597,0.0,26.1
2019-07-31,68.41,594,0.0,27.0
2019-08-01,68.07,591,0.0,27.8
2019-08-02,67.68,588,0.0,27.0
2019-08-03,67.41,586,0.0,27.1
2019-08-04,67.08,583,0.0,25.2
2019-08-05,66.64,579,0.0,24.4
2019-08-06,66.31,576,0.0,24.8
2019-08-07,65.9,572,0.0,25.6
2019-08-08,65.63,570,0.0,26.0
2019-08-09,65.19,566,0.0,25.7
2019-08-10,64.88,564,0.0,26.3
2019-08-11,64.57,561,0.0,26.2
2019-08-12,64.2,558,0.0,26.4
2019-08-13,63.85,555,0.0,26.0
2019-08-14,63.59,552,0.0,25.5
2019-08-15,63.26,550,0.0,26.1
2019-08-16,62.95,547,0.0,24.8
2019-08-17,62.65,544,0.0,20.8
2019-08-18,62.79,545,0.0,21.4
2019-08-19,62.52,543,0.0,22.7
2019-08-20,62.27,541,0.0,24.1
2019-08-21,61.96,538,0.0,22.9
2019-08-22,61.82,537,0.0,25.3
2019-08-23,61.59,535,0.0,25.7
2019-08-24,61.35,533,0.0,26.0
2019-08-25,60.99,530,0.0,26.8
2019-08-26,60.68,527,0.0,27.1
2019-08-27,60.36,524,0.0,26.7
2019-08-28,60.0,521,0.0,25.6
2019-08-29,59.74,519,0.0,24.8
2019-08-30,59.39,516,0.0,24.4
2019-08-31,59.01,513,0.0,23.9
2019-09-01,58.67,510,0.0,24.3
2019-09-02,58.37,507,0.0,24.8
2019-09-03,58.01,504,0.0,25.2
2019-09-04,57.71,501,0.0,25.2
2019-09-05,57.31,498,0.0,24.2
2019-09-06,57.01,495,0.0,23.5
2019-09-07,56.7,493,0.0,22.8
2019-09-08,56.28,489,0.0,23.6
2019-09-09,55.91,486,0.0,23.3
2019-09-10,55.52,482,0.0,23.8
2019-09-11,55.16,479,0.0,24.1
2019-09-12,54.8,476,0.0,23.6
2019-09-13,54.47,473,0.0,23.2
2019-09-14,54.12,470,0.0,23.4
2019-09-15,53.75,467,0.0,22.3
2019-09-16,53.42,464,0.0,21.4
2019-09-17,53.12,461,0.0,21.2
2019-09-18,52.76,458,0.0,23.6
2019-09-19,52.39,455,0.0,22.9
2019-09-20,52.18,453,0.0,17.8
2019-09-21,52.01,452,0.0,16.9
2019-09-22,51.8,450,0.0,17.3
2019-09-23,51.44,447,0.0,17.6
2019-09-24,51.14,444,0.0,20.3
2019-09-25,50.92,442,1.3,20.6
2019-09-26,50.57,439,0.0,20.8
2019-09-27,50.15,436,2.3,21.0
2019-09-28,49.73,432,0.0,20.1
2019-09-29,49.47,430,0.0,19.8
2019-09-30,49.13,427,0.0,20.3
2019-10-01,48.82,424,0.0,21.9
2019-10-02,48.59,422,0.0,22.6
2019-10-03,48.27,419,0.0,23.5
2019-10-04,47.97,417,0.0,24.9
2019-10-05,47.8,415,14.5,18.1
2019-10-06,47.67,414,6.6,16.6
2019-10-07,47.49,412,0.0,17.3
2019-10-08,47.29,411,3.3,15.2
2019-10-09,47.33,411,5.1,17.5
2019-10-10,47.12,409,0.0,18.1
2019-10-11,46.89,407,0.0,18.9
2019-10-12,46.68,406,0.0,19.1
2019-10-13,46.45,403,0.0,19.3
2019-10-14,46.17,401,0.0,19.4
2019-10-15,45.86,398,0.0,18.3
2019-10-16,45.57,396,0.0,19.2
2019-10-17,45.4,394,0.0,20.0
2019-10-18,45.09,392,0.0,19.6
2019-10-19,44.92,390,0.0,18.5
2019-10-20,44.65,388,0.0,18.4
2019-10-21,44.37,385,0.0,19.2
2019-10-22,44.12,383,0.0,18.1
2019-10-23,43.84,381,0.0,17.8
2019-10-24,43.51,378,0.0,17.9
2019-10-25,43.26,376,0.0,17.7
2019-10-26,43.02,374,0.0,17.9
2019-10-27,42.73,371,0.0,17.3
2019-10-28,42.37,368,0.0,17.3
2019-10-29,42.11,366,0.0,17.1
2019-10-30,41.87,364,0.0,16.4
2019-10-31,41.61,361,0.0,16.1
2019-11-01,41.72,362,6.4,13.2
2019-11-02,41.92,364,1.8,12.8
2019-11-03,41.89,364,0.0,14.7
2019-11-04,41.64,362,0.0,18.7
2019-11-05,41.38,359,0.0,21.1
2019-11-06,41.12,357,0.0,20.8
2019-11-07,40.89,355,0.0,19.6
2019-11-08,40.62,353,0.0,19.3
2019-11-09,40.35,351,0.0,19.1
2019-11-10,40.09,348,0.0,18.3
2019-11-11,39.83,346,0.0,18.9
2019-11-12,39.54,344,0.0,18.2
2019-11-13,39.3,341,0.0,20.4
2019-11-14,39.04,339,0.0,16.9
2019-11-15,38.79,337,0.0,16.7
2019-11-16,38.49,334,0.0,16.6
2019-11-17,38.21,332,0.0,16.9
2019-11-18,37.97,330,0.0,16.2
2019-11-19,37.68,327,0.0,16.3
2019-11-20,37.33,324,0.0,15.6
2019-11-21,37.13,323,0.0,15.4
2019-11-22,36.79,320,0.0,14.4
2019-11-23,36.59,318,0.3,15.2
2019-11-24,36.44,317,1.0,14.7
2019-11-25,36.24,315,0.0,15.2
2019-11-26,36.15,314,0.5,15.6
2019-11-27,36.08,313,8.6,12.4
2019-11-28,35.99,313,0.0,15.0
2019-11-29,35.73,310,1.5,16.3
2019-11-30,35.74,310,2.0,16.5
2019-12-01,35.6,309,15.7,9.6
2019-12-02,35.68,310,1.3,9.8
2019-12-03,35.65,310,0.0,11.1
2019-12-04,35.63,310,3.0,7.8
2019-12-05,35.79,311,4.3,7.7
2019-12-06,35.92,312,0.3,8.0
2019-12-07,35.91,312,0.0,9.6
2019-12-08,35.79,311,1.0,9.9
2019-12-09,35.73,310,0.0,9.4
2019-12-10,35.58,309,0.0,10.7
2019-12-11,35.5,308,0.0,10.6
2019-12-12,35.3,307,0.0,12.4
2019-12-13,35.14,305,0.5,13.1
2019-12-14,35.01,304,1.3,14.7
2019-12-15,34.85,303,0.0,11.4
2019-12-16,34.81,302,0.8,10.2
2019-12-17,34.67,301,0.0,11.1
2019-12-18,34.49,300,0.0,11.9
2019-12-19,34.37,299,0.0,12.2
2019-12-20,34.21,297,0.0,12.2
2019-12-21,33.97,295,0.0,15.1
2019-12-22,33.65,292,0.0,17.6
2019-12-23,33.45,291,0.8,15.2
2019-12-24,33.5,291,0.5,11.5
2019-12-25,33.47,291,7.9,10.1
2019-12-26,33.54,291,0.0,9.1
2019-12-27,33.73,293,1.8,7.6
2019-12-28,34.02,296,2.5,5.4
2019-12-29,34.44,299,12.2,5.4
2019-12-30,35.53,309,8.4,7.8
2019-12-31,36.99,321,6.6,7.2
2020-01-01,37.74,328,0.0,7.0
2020-01-02,38.08,331,9.1,5.6
2020-01-03,38.78,337,7.9,6.3
2020-01-04,39.02,339,0.0,7.8
2020-01-05,39.03,339,0.0,6.7
2020-01-06,39.31,342,4.6,7.1
2020-01-07,46.51,404,76.2,6.1
2020-01-08,49.88,433,20.6,5.7
2020-01-09,51.43,447,0.3,5.8
2020-01-10,52.19,453,0.0,5.9
2020-01-11,52.42,455,0.0,8.1
2020-01-12,52.64,457,0.0,8.3
2020-01-13,52.8,459,0.0,8.2
2020-01-14,52.51,456,0.0,7.2
2020-01-15,52.85,459,0.0,7.9
2020-01-16,52.87,459,0.0,8.6
2020-01-17,52.93,460,0.0,8.2
2020-01-18,53.09,461,3.0,7.6
2020-01-19,53.15,462,0.0,5.9
2020-01-20,53.47,464,4.3,5.4
2020-01-21,54.09,469,3.6,4.0
2020-01-22,54.41,472,0.3,5.2
2020-01-23,54.55,473,0.0,6.9
2020-01-24,54.86,476,0.0,6.1
2020-01-25,55.02,477,0.0,8.2
2020-01-26,55.13,478,0.0,11.2
2020-01-27,55.25,479,0.0,12.2
2020-01-28,55.47,481,5.1,9.1
2020-01-29,55.66,483,0.5,11.6
2020-01-30,56.12,487,16.0,7.2
2020-01-31,56.74,492,1.8,7.8
2020-02-01,56.98,494,0.5,11.3
2020-02-02,57.23,497,0.0,12.1
2020-02-03,57.35,498,0.0,13.3
2020-02-04,57.45,499,1.5,13.1
2020-02-05,57.54,499,0.0,13.5
2020-02-06,58.63,509,14.5,4.9
2020-02-07,59.2,514,1.0,4.4
2020-02-08,59.84,519,5.1,1.0
2020-02-09,60.09,521,0.8,2.6
2020-02-10,60.17,522,0.0,5.9
2020-02-11,60.27,523,0.0,11.8
2020-02-12,60.75,527,9.7,8.4
2020-02-13,61.26,532,0.0,8.7
2020-02-14,61.35,532,0.0,9.8
2020-02-15,61.51,534,0.0,9.3
2020-02-16,61.62,535,0.5,8.6
2020-02-17,61.76,536,0.0,8.1
2020-02-18,61.8,536,0.0,7.9
2020-02-19,61.93,537,0.0,8.6
2020-02-20,62.06,539,0.0,7.9
2020-02-21,62.18,540,9.9,7.3
2020-02-22,62.44,542,1.3,7.2
2020-02-23,62.69,544,0.3,7.2
2020-02-24,62.73,544,0.0,10.3
2020-02-25,62.83,545,0.0,9.8
2020-02-26,62.84,545,0.0,14.6
2020-02-27,62.79,545,0.0,14.6
2020-02-28,63.22,549,12.2,10.2
2020-02-29,63.38,550,2.5,8.4
2020-03-01,63.87,554,1.3,7.8
2020-03-02,63.99,555,0.0,11.9
2020-03-03,64.05,556,0.0,15.8
2020-03-04,64.19,557,0.0,14.5
2020-03-05,64.16,557,0.0,12.8
2020-03-06,64.16,557,4.8,11.2
2020-03-07,64.14,557,0.0,14.6
2020-03-08,64.04,556,0.0,17.4
2020-03-09,63.88,554,0.0,15.2
2020-03-10,63.85,554,0.5,10.8
2020-03-11,64.08,556,4.8,12.4
2020-03-12,64.07,556,0.0,12.9
2020-03-13,64.19,557,0.0,12.3
2020-03-14,64.25,558,0.0,10.7
2020-03-15,64.16,557,0.0,8.2
2020-03-16,64.33,558,0.0,6.5
2020-03-17,64.58,561,0.0,6.8
2020-03-18,64.57,560,0.0,6.0
2020-03-19,64.54,560,4.3,7.9
2020-03-20,64.47,560,0.0,8.3
2020-03-21,64.27,558,0.0,9.7
2020-03-22,64.17,557,0.0,11.4
2020-03-23,63.99,555,0.0,9.6
2020-03-24,63.81,554,0.0,8.3
2020-03-25,63.92,555,0.3,7.7
2020-03-26,64.05,556,0.0,9.0
2020-03-27,64.05,556,0.0,9.9
2020-03-28,64.05,556,0.0,8.9
2020-03-29,64.06,556,21.6,9.4
2020-03-30,64.51,560,9.1,12.1
2020-03-31,64.65,561,0.3,9.6
2020-04-01,64.59,561,0.0,8.3
2020-04-02,64.52,560,0.0,8.4
2020-04-03,65.13,565,12.7,7.9
2020-04-04,65.86,572,0.0,9.7
2020-04-05,66.18,574,2.0,10.6
2020-04-06,68.7,596,2.3,9.5
2020-04-07,69.86,606,0.0,10.2
2020-04-08,70.14,609,0.0,10.2
2020-04-09,70.32,610,0.0,10.5
2020-04-10,70.31,610,0.0,10.4
2020-04-11,70.35,611,0.0,13.0
2020-04-12,70.33,610,0.0,11.6
2020-04-13,70.25,610,0.0,11.6
2020-04-14,70.11,609,0.0,17.2
2020-04-15,70.07,608,0.0,9.8
2020-04-16,70.17,609,3.3,11.3
2020-04-17,70.1,608,0.0,12.1
2020-04-18,70.08,608,0.0,14.8
2020-04-19,70.03,608,0.0,17.2
2020-04-20,70.01,608,0.0,13.8
2020-04-21,69.9,607,0.0,11.1
2020-04-22,69.61,604,0.0,12.1
2020-04-23,69.52,603,0.0,12.1
2020-04-24,69.38,602,0.0,13.1
2020-04-25,69.22,601,0.0,11.2
2020-04-26,69.07,599,0.0,17.1
2020-04-27,69.02,599,0.0,17.6
2020-04-28,68.91,598,0.0,18.9
2020-04-29,68.78,597,0.0,20.1
2020-04-30,68.56,595,0.0,19.7
2020-05-01,68.57,595,0.0,18.2
2020-05-02,68.46,594,0.0,19.7
2020-05-03,68.54,595,9.4,16.8
2020-05-04,68.68,596,13.0,13.4
2020-05-05,69.05,599,15.2,15.1
2020-05-06,69.08,600,0.0,18.1
2020-05-07,69.31,602,6.6,13.4
2020-05-08,69.48,603,0.0,15.7
2020-05-09,69.39,602,1.0,16.8
2020-05-10,69.3,602,0.0,18.6
2020-05-11,69.27,601,0.0,23.4
2020-05-12,69.15,600,0.0,24.4
2020-05-13,69.04,599,0.0,18.6
2020-05-14,68.83,597,0.0,18.4
2020-05-15,68.71,596,0.0,25.1
2020-05-16,68.69,596,0.0,26.8
2020-05-17,68.51,595,0.0,24.7
2020-05-18,68.29,593,0.0,23.8
2020-05-19,68.13,591,0.0,25.4
2020-05-20,67.89,589,0.0,23.7
2020-05-21,67.76,588,0.0,19.0
2020-05-22,67.64,587,6.1,13.7
2020-05-23,67.65,587,3.8,13.3
2020-05-24,67.58,587,3.3,16.0
2020-05-25,67.42,585,0.3,16.4
2020-05-26,67.32,584,0.0,17.4
2020-05-27,67.14,583,0.0,14.8
2020-05-28,67.09,582,0.0,16.0
2020-05-29,67.02,582,0.0,16.9
2020-05-30,66.98,581,0.0,18.9
2020-05-31,66.88,580,0.0,20.6
2020-06-01,66.71,579,1.5,18.1
2020-06-02,66.61,578,2.0,18.7
2020-06-03,66.59,578,0.0,17.4
2020-06-04,66.68,579,0.5,20.6
2020-06-06,66.33,576,0.0,26.7
2020-06-07,66.1,574,0.0,23.5
2020-06-08,65.99,573,0.0,23.4
2020-06-09,65.85,572,0.0,25.8
2020-06-10,65.58,569,0.0,26.5
2020-06-11,65.39,568,0.0,24.2
2020-06-12,65.16,566,0.0,23.7
2020-06-13,64.96,564,0.0,22.7
2020-06-14,64.73,562,0.0,22.8
2020-06-15,64.74,562,6.6,24.3
2020-06-16,64.72,562,0.3,26.3
2020-06-17,64.62,561,0.0,25.7
2020-06-18,64.52,560,0.0,22.8
2020-06-19,64.78,562,0.0,21.6
2020-06-20,64.97,564,0.0,24.1
2020-06-21,64.9,563,0.0,24.3
2020-06-22,64.71,562,0.0,23.7
2020-06-23,64.6,561,0.0,22.8
2020-06-24,65.27,567,0.0,23.1
2020-06-25,65.46,568,0.0,24.5
2020-06-26,65.4,568,0.0,24.3
2020-06-27,65.3,567,0.0,24.6
2020-06-28,65.14,565,0.0,25.2
2020-06-29,65.01,564,0.0,25.3
2020-06-30,64.88,563,0.0,24.8
2020-07-01,64.64,561,0.0,26.8
2020-07-02,64.47,560,0.0,27.1
2020-07-03,64.28,558,0.0,27.0
2020-07-04,64.06,556,0.0,27.1
2020-07-05,63.84,554,0.0,27.4
2020-07-06,63.59,552,0.0,27.8
2020-07-07,63.36,550,0.0,27.7
2020-07-08,63.13,548,0.0,23.6
2020-07-09,62.85,545,0.0,24.0
2020-07-10,62.6,543,0.0,24.1
2020-07-11,62.34,541,0.0,25.1
2020-07-12,62.07,539,0.0,25.7
2020-07-13,61.86,537,0.0,22.0
2020-07-14,61.55,534,0.0,22.8
2020-07-15,61.34,532,0.0,21.2
2020-07-16,61.13,531,0.0,23.1
2020-07-17,60.92,529,0.0,23.3
2020-07-18,60.65,526,0.0,25.0
2020-07-19,60.44,524,0.0,25.8
2020-07-20,60.21,523,0.0,25.5
2020-07-21,60.01,521,0.0,24.6
2020-07-22,59.76,519,0.0,25.3
2020-07-23,59.52,517,0.0,26.3
2020-07-24,59.25,514,0.0,25.7
2020-07-25,59.02,512,0.0,25.1
2020-07-26,58.87,511,0.0,25.5
2020-07-27,58.52,508,0.0,25.4
2020-07-28,58.13,505,0.0,26.3
2020-07-29,57.85,502,0.0,27.5
2020-07-30,57.56,500,0.0,27.5
2020-08-01,56.91,494,0.0,26.4
2020-08-02,56.63,491,0.0,25.8
2020-08-03,56.38,489,0.0,25.1
2020-08-04,56.04,486,0.0,25.3
2020-08-05,55.73,484,0.0,25.5
2020-08-06,55.35,480,0.0,26.2
2020-08-07,55.02,477,0.0,27.2
2020-08-08,54.72,475,0.0,26.7
2020-08-09,54.4,472,0.0,26.8
2020-08-10,54.06,469,0.0,26.9
2020-08-11,53.7,466,0.0,26.9
2020-08-12,53.37,463,0.0,27.4
2020-08-13,53.03,460,0.0,26.5
2020-08-14,52.67,457,0.0,25.2
2020-08-15,52.3,454,0.0,25.1
2020-08-16,52.15,452,0.0,24.5
2020-08-17,51.81,450,0.0,24.1
2020-08-18,51.47,447,0.0,24.1
2020-08-19,51.11,443,0.0,24.4
2020-08-20,50.78,441,0.0,23.1
2020-08-21,50.65,440,0.0,24.3
2020-08-22,50.31,437,0.0,25.1
2020-08-23,49.99,434,0.0,25.4
2020-08-24,49.63,431,0.0,25.6
2020-08-25,49.25,427,0.0,25.6
2020-08-26,48.92,424,0.0,25.3
2020-08-27,48.61,422,0.0,24.8
2020-08-28,48.3,419,0.0,25.7
2020-08-29,47.94,416,0.0,27.2
2020-08-30,47.6,413,0.0,26.4
2020-08-31,47.25,410,0.0,24.9
2020-09-01,46.88,407,0.0,25.4
2020-09-02,46.55,404,0.0,25.7
2020-09-03,46.21,401,0.0,26.1
2020-09-04,45.85,398,0.0,23.9
2020-09-05,45.49,395,1.5,22.6
2020-09-06,45.12,391,0.0,23.2
2020-09-07,44.76,388,0.0,24.6
2020-09-08,44.44,386,0.0,24.7
2020-09-09,44.17,383,0.0,24.8
2020-09-10,43.79,380,0.0,24.3
2020-09-11,43.5,377,0.0,24.2
2020-09-12,43.14,374,0.0,25.1
2020-09-13,42.86,372,0.0,24.9
2020-09-14,42.57,369,0.0,25.4
2020-09-15,42.23,366,0.0,25.2
2020-09-16,41.88,363,0.0,24.5
2020-09-17,41.59,361,0.0,24.4
2020-09-18,41.21,357,0.0,24.1
2020-09-19,40.8,354,0.0,21.9
2020-09-20,40.51,351,0.0,20.9
2020-09-21,40.21,349,0.0,22.6
2020-09-22,39.9,346,0.0,22.0
2020-09-23,39.6,344,0.0,21.9
2020-09-24,39.25,340,0.0,23.3
2020-09-25,38.96,338,0.0,23.5
2020-09-26,38.6,335,0.0,26.3
2020-09-27,38.28,332,0.0,23.8
2020-09-28,37.93,329,0.0,24.1
2020-09-29,37.58,326,0.0,22.1
2020-09-30,37.32,324,7.6,19.9
2020-10-01,37.01,321,0.0,20.1
2020-10-02,36.71,318,0.0,20.3
2020-10-03,36.4,316,0.0,21.3
2020-10-04,36.06,313,0.0,22.7
2020-10-05,35.72,310,0.0,24.9
2020-10-06,35.36,307,0.0,25.3
2020-10-07,35.05,304,0.0,25.4
2020-10-08,34.73,301,0.0,21.9
2020-10-09,34.72,301,0.0,18.3
2020-10-10,34.6,300,0.0,18.3
2020-10-11,34.31,298,0.0,19.7
2020-10-12,34.05,295,0.0,20.5
2020-10-13,33.72,292,0.0,22.1
2020-10-14,33.43,290,0.0,21.6
2020-10-15,33.21,288,0.0,20.4
2020-10-16,32.96,286,0.0,20.7
2020-10-17,32.69,283,0.0,21.8
2020-10-18,32.44,281,0.0,18.2
2020-10-19,32.27,280,0.0,16.2
2020-10-20,32.03,278,0.0,16.4
2020-10-21,32.07,278,23.6,18.6
2020-10-22,31.85,276,0.0,19.0
2020-10-23,31.68,275,0.0,18.0
2020-10-24,31.4,272,0.0,18.2
2020-10-25,31.16,270,0.0,19.2
2020-10-26,30.89,268,0.0,18.4
2020-10-27,30.63,266,0.0,18.7
2020-10-28,30.38,263,0.0,20.0
2020-10-29,30.41,264,0.3,18.3
2020-10-30,30.23,262,0.0,15.7
2020-10-31,30.23,262,8.9,14.4
2020-11-01,30.02,260,9.9,12.6
2020-11-02,29.79,258,0.0,12.4
2020-11-03,29.59,257,0.0,13.6
2020-11-04,29.43,255,0.5,14.2
2020-11-05,29.4,255,5.8,15.8
2020-11-06,29.27,254,0.5,15.2
2020-11-07,29.08,252,1.5,13.3
2020-11-08,28.88,250,0.5,15.1
2020-11-09,28.65,248,0.0,16.1
2020-11-10,28.38,246,0.3,15.5
2020-11-11,28.19,244,0.3,14.9
2020-11-12,28.0,243,0.0,14.7
2020-11-13,27.8,241,0.0,14.6
2020-11-14,27.68,240,0.0,13.4
2020-11-15,27.7,240,1.5,12.8
2020-11-16,27.49,238,0.0,12.2
2020-11-17,27.28,236,0.0,12.4
2020-11-18,27.06,235,0.0,12.6
2020-11-19,26.82,233,0.0,12.5
2020-11-20,26.6,231,0.0,11.7
2020-11-21,26.43,229,1.0,10.8
2020-11-22,26.34,228,1.0,10.1
2020-11-23,26.3,228,0.0,10.2
2020-11-24,26.07,226,0.0,10.2
2020-11-25,25.86,224,0.5,11.6
2020-11-26,25.67,223,0.0,10.8
2020-11-27,25.45,221,0.0,11.5
2020-11-28,25.24,219,0.0,10.7
2020-11-29,24.99,217,0.0,12.1
2020-11-30,24.76,215,0.0,11.8
2020-12-01,24.5,212,0.0,7.7
2020-12-02,24.3,211,0.0,7.9
2020-12-03,24.04,208,0.0,10.7
2020-12-04,23.78,206,0.0,12.8
2020-12-05,23.54,204,0.0,12.4
2020-12-06,23.3,203,0.0,12.6
2020-12-07,23.06,200,0.0,12.1
